Serial,Title,BMET_reference_code,Category,Category_BN
1,Billing and credit control,1,Management and Supervisory Role,ব্যবস্থাপনা ও তত্ত্বাবধায়ক পদ
2,Accountant,1,Finance & Accounting,ফাইন্যান্স ও হিসাবরক্ষণ
3,Accountant(Gen.),1,Finance & Accounting,ফাইন্যান্স ও হিসাবরক্ষণ
4,Administrative Officer,2,Management and Supervisory Role,ব্যবস্থাপনা ও তত্ত্বাবধায়ক পদ
5,Agriculture Engineer,3,Agriculture,কৃষি কর্মী
6,Agricultural,4,Agriculture,কৃষি কর্মী
7,Agriculture Labour,4,Agriculture,কৃষি কর্মী
8,Air Conditioning Engineer,5,Agriculture,কৃষি কর্মী
9,Air Conditioning Technician,6,Refrigeration & Air-conditioning,রেফ্রিজারেশন ও এয়ার কন্ডিশনিং
10,Air Hostess/Stewards,7,Airline Worker,এয়ারলাইন কর্মী
11,Aluminium Technician,8,Welder and fabricator,ওয়েল্ডার ও ফ্যাব্রিকেটর
12,Anesthesiologist,9,Doctor & Healthcare Worker,ডাক্তার ও স্বাস্থ্যকর্মী
13,Technical Architect,10,IT,তথ্যপ্রযুক্তি (আইটি) কর্মী
14,Architect,10,Architect,স্থপতি
15,Building Architect,10,Architect,স্থপতি
16,Architectural Labour,11,Architect,স্থপতি
17,Artist,12,Media / Entertainment,মিডিয়া / বিনোদন
18,Auto Denter,13,Automobile Worker,অটোমোবাইল কর্মী
19,Auto Painter,14,Automobile Worker,অটোমোবাইল কর্মী
20,Autolubricator and Oiler,15,Automobile Worker,অটোমোবাইল কর্মী
21,Automobile Engineer,16,Engineer,প্রকৌশলী
22,Automobile Mechanic/Technician,17,Automobile Worker,অটোমোবাইল কর্মী
23,Baby Sitter,18,Caregiver,কেয়ারগিভার
24,Baker (Food maker),19,Cook/Chef,রাঁধুনি / শেফ
25,Banker,20,Finance & Accounting,ফাইন্যান্স ও হিসাবরক্ষণ
26,Barber,21,Barber & Beautician,নাপিত ও বিউটিশিয়ান
27,Biochemistry Specialist,22,Scientist & Researcher,বিজ্ঞানী ও গবেষক
28,Biologist,23,Scientist & Researcher,বিজ্ঞানী ও গবেষক
29,Blacksmith,24,Craftsman,কারুশিল্পী
30,Blood Bank Technician,25,Doctor & Healthcare Worker,ডাক্তার ও স্বাস্থ্যকর্মী
31,Business,26,Management and Supervisory Role,ব্যবস্থাপনা ও তত্ত্বাবধায়ক পদ
32,Businessman,26,Management and Supervisory Role,ব্যবস্থাপনা ও তত্ত্বাবধায়ক পদ
33,Butcher,27,Cook/Chef,রাঁধুনি / শেফ
34,Car Washing and Painting,28,Automobile Worker,অটোমোবাইল কর্মী
35,Cardiologist,29,Doctor & Healthcare Worker,ডাক্তার ও স্বাস্থ্যকর্মী
36,Care Taker,30,Security Worker,নিরাপত্তা কর্মী
37,Construction formwork Carpenter,31,Construction Worker,নির্মাণ শ্রমিক
38,Carpenter,31,Carpenter,কাঠমিস্ত্রি
39,Finishing Carpenter,31,Carpenter,কাঠমিস্ত্রি
40,Furniture Carpenter,31,Carpenter,কাঠমিস্ত্রি
41,Wood Worker/Carpenter,31,Carpenter,কাঠমিস্ত্রি
42,Wooden Formwork Carpenter,31,Carpenter,কাঠমিস্ত্রি
43,Carpet Labour,32,Construction Worker,নির্মাণ শ্রমিক
44,Cashier,33,Finance & Accounting,ফাইন্যান্স ও হিসাবরক্ষণ
45,Chartered Accountant,34,Finance & Accounting,ফাইন্যান্স ও হিসাবরক্ষণ
46,Chemical Engineer,35,Engineer,প্রকৌশলী
47,Chemist,36,Scientist & Researcher,বিজ্ঞানী ও গবেষক
48,Civil Engineer,37,Engineer,প্রকৌশলী
49,General Civil Engineer,37,Construction Worker,নির্মাণ শ্রমিক
50,Building Exterior Cleaner,38,Cleaner,পরিচ্ছন্নতা কর্মী
51,Building Facade Cleaner,38,Cleaner,পরিচ্ছন্নতা কর্মী
52,Carpet and Rug Cleaner,38,Cleaner,পরিচ্ছন্নতা কর্মী
53,Chimney Cleaner,38,Cleaner,পরিচ্ছন্নতা কর্মী
54,Cleaner,38,Cleaner,পরিচ্ছন্নতা কর্মী
55,Cleaning Worker,38,Cleaner,পরিচ্ছন্নতা কর্মী
56,Offices and facilities cleaning worker,38,Cleaner,পরিচ্ছন্নতা কর্মী
57,Ship & Ship Tank Cleaner,38,Cleaner,পরিচ্ছন্নতা কর্মী
58,Street Clean Worker,38,Cleaner,পরিচ্ছন্নতা কর্মী
59,Street cleaner,38,Cleaner,পরিচ্ছন্নতা কর্মী
60,Vehicle Cleaner,38,Cleaner,পরিচ্ছন্নতা কর্মী
61,Stock Clerk,39,Warehouse and Store Worker,গুদাম ও স্টোর কর্মী
62,Distribution Clerk,39,Warehouse and Store Worker,গুদাম ও স্টোর কর্মী
63,Clerk,39,Management and Supervisory Role,ব্যবস্থাপনা ও তত্ত্বাবধায়ক পদ
64,Ticket clerk,39,Management and Supervisory Role,ব্যবস্থাপনা ও তত্ত্বাবধায়ক পদ
65,Barista,40,Hotel and Tourism Worker,হোটেল ও পর্যটন কর্মী
66,Coffee or Tea Maker,40,Cook/Chef,রাঁধুনি / শেফ
67,Computer Service Engineer,42,IT,তথ্যপ্রযুক্তি (আইটি) কর্মী
68,Computer Engineer,42,Engineer,প্রকৌশলী
69,Computer Operator,43,IT,তথ্যপ্রযুক্তি (আইটি) কর্মী
70,Computer Systems Manager,43,IT,তথ্যপ্রযুক্তি (আইটি) কর্মী
71,Computer Programmer/Software Developer,44,IT,তথ্যপ্রযুক্তি (আইটি) কর্মী
72,Computer Technician/Hardware Engineer,45,IT,তথ্যপ্রযুক্তি (আইটি) কর্মী
73,Concrete Mixer Man,46,Construction Worker,নির্মাণ শ্রমিক
74,Construction Worker,47,Construction Worker,নির্মাণ শ্রমিক
75,Construction worker,47,Construction Worker,নির্মাণ শ্রমিক
76,Formwork construction worker,47,Construction Worker,নির্মাণ শ্রমিক
77,Contract Assistant Cook,48,Cook/Chef,রাঁধুনি / শেফ
78,Home Cook,48,Cook/Chef,রাঁধুনি / শেফ
79,Kitchen Chef,48,Cook/Chef,রাঁধুনি / শেফ
80,Data Entry Operator,49,Management and Supervisory Role,ব্যবস্থাপনা ও তত্ত্বাবধায়ক পদ
81,Database Administrator,50,IT,তথ্যপ্রযুক্তি (আইটি) কর্মী
82,Decoration Labour,51,General worker,সাধারণ শ্রমিক
83,Dental Technician,52,Doctor & Healthcare Worker,ডাক্তার ও স্বাস্থ্যকর্মী
84,Dentist,53,Doctor & Healthcare Worker,ডাক্তার ও স্বাস্থ্যকর্মী
85,Dermatologist,54,Doctor & Healthcare Worker,ডাক্তার ও স্বাস্থ্যকর্মী
86,Dish Cleaner,55,Cook/Chef,রাঁধুনি / শেফ
87,Dispensers,56,Doctor & Healthcare Worker,ডাক্তার ও স্বাস্থ্যকর্মী
88,Doctor,57,Doctor & Healthcare Worker,ডাক্তার ও স্বাস্থ্যকর্মী
89,Door Fixer,58,Carpenter,কাঠমিস্ত্রি
90,Door Maker,59,Carpenter,কাঠমিস্ত্রি
91,Drafts Man,60,IT,তথ্যপ্রযুক্তি (আইটি) কর্মী
92,Civil Draftsman,60,Construction Worker,নির্মাণ শ্রমিক
93,Driver,61,Driver/Vehicle Operator,ড্রাইভার / যানবাহন অপারেটর
94,Motorcycle Driver,61,Driver/Vehicle Operator,ড্রাইভার / যানবাহন অপারেটর
95,Personal Driver,61,Driver/Vehicle Operator,ড্রাইভার / যানবাহন অপারেটর
96,Truck Driver,61,Driver/Vehicle Operator,ড্রাইভার / যানবাহন অপারেটর
97,Electrical Drafts Man,62,IT,তথ্যপ্রযুক্তি (আইটি) কর্মী
98,Electrical and Electronic Engineer,63,Engineer,প্রকৌশলী
99,Building Electrician,64,Electrician,ইলেকট্রিশিয়ান
100,Electrician,64,Electrician,ইলেকট্রিশিয়ান
101,Construction Electrician,64,Construction Worker,নির্মাণ শ্রমিক
102,Electronic Mechanic,65,Electrician,ইলেকট্রিশিয়ান
103,Textile Tailor,66,Textile Worker,টেক্সটাইল কর্মী
104,Embroidery/Tailor,66,Factory & Manufacturing Worker,কারখানা ও উৎপাদন কর্মী
105,Factory Worker,67,Factory & Manufacturing Worker,কারখানা ও উৎপাদন কর্মী
106,Farm Laborer,68,Agriculture,কৃষি কর্মী
107,Farmer,68,Agriculture,কৃষি কর্মী
108,Home farmer,68,Agriculture,কৃষি কর্মী
109,Fashion Designer,69,Creative/Arts,সৃজনশীল / আর্ট
110,Fireman,70,Security Worker,নিরাপত্তা কর্মী
111,Coastal fisher,71,Agriculture,কৃষি কর্মী
112,Fisherman,71,Agriculture,কৃষি কর্মী
113,Fitter,72,Factory & Manufacturing Worker,কারখানা ও উৎপাদন কর্মী
114,Flight Attendant,73,Airline Worker,এয়ারলাইন কর্মী
115,Food & Beverage Counter Server,74,Hotel and Tourism Worker,হোটেল ও পর্যটন কর্মী
116,Food and Beverage Counter Worker,74,Cook/Chef,রাঁধুনি / শেফ
117,Food Server,74,Cook/Chef,রাঁধুনি / শেফ
118,Construction Foreman,75,Construction Worker,নির্মাণ শ্রমিক
119,Foreman,75,Construction Worker,নির্মাণ শ্রমিক
120,Workshop Worker,76,Factory & Manufacturing Worker,কারখানা ও উৎপাদন কর্মী
121,Fuel Man,77,Fuel Filling Station Worker,ফুয়েল স্টেশন কর্মী
122,Gantry Operator,78,Driver/Vehicle Operator,ড্রাইভার / যানবাহন অপারেটর
123,Gardener,79,Agriculture,কৃষি কর্মী
124,Garments and Pattern Cutter,80,Textile Worker,টেক্সটাইল কর্মী
125,Garments Operator,80,Textile Worker,টেক্সটাইল কর্মী
126,Garments Worker,80,Textile Worker,টেক্সটাইল কর্মী
127,Gas Pump Attendant,81,Fuel Filling Station Worker,ফুয়েল স্টেশন কর্মী
128,Gas Station Attendant,81,Fuel Filling Station Worker,ফুয়েল স্টেশন কর্মী
129,Gas Worker,82,Fuel Filling Station Worker,ফুয়েল স্টেশন কর্মী
130,General Health Specialist,84,Doctor & Healthcare Worker,ডাক্তার ও স্বাস্থ্যকর্মী
131,Gold Smith,85,Craftsman,কারুশিল্পী
132,Grinder,86,Factory & Manufacturing Worker,কারখানা ও উৎপাদন কর্মী
133,Grocer,87,Salesperson,বিক্রয়কর্মী
134,Gynecologist,88,Doctor & Healthcare Worker,ডাক্তার ও স্বাস্থ্যকর্মী
135,Hairdresser,89,Barber & Beautician,নাপিত ও বিউটিশিয়ান
136,Heavy Vehicle Driver,90,Driver/Vehicle Operator,ড্রাইভার / যানবাহন অপারেটর
137,Helper,91,House Keeper,হাউসকিপার
138,Horse Rider,92,Agriculture,কৃষি কর্মী
139,Hospital Attendant,93,Nurse,নার্স
140,Hospital Management,94,Hotel and Tourism Worker,হোটেল ও পর্যটন কর্মী
141,Hotel Housekeeper,96,Management and Supervisory Role,ব্যবস্থাপনা ও তত্ত্বাবধায়ক পদ
142,House Keeper,96,House Keeper,হাউসকিপার
143,Room Maid,96,Hotel and Tourism Worker,হোটেল ও পর্যটন কর্মী
144,Domestic Worker,97,House Keeper,হাউসকিপার
145,Home Worker,97,House Keeper,হাউসকিপার
146,House Worker,97,House Keeper,হাউসকিপার
147,IT Consultant,98,IT,তথ্যপ্রযুক্তি (আইটি) কর্মী
148,3D Electrification Visualisation Specialist,99,IT,তথ্যপ্রযুক্তি (আইটি) কর্মী
149,IT Professional,99,Engineer,প্রকৌশলী
150,Imam Minister of Religion,100,Imam,ইমাম
151,Imam/Muazzem,100,Imam,ইমাম
152,IE Executive,101,Management and Supervisory Role,ব্যবস্থাপনা ও তত্ত্বাবধায়ক পদ
153,IE Manager,101,Management and Supervisory Role,ব্যবস্থাপনা ও তত্ত্বাবধায়ক পদ
154,Industrial Engineer,101,Engineer,প্রকৌশলী
155,Infectious Disease Specialist,102,Doctor & Healthcare Worker,ডাক্তার ও স্বাস্থ্যকর্মী
156,Interior Designer,103,Creative/Arts,সৃজনশীল / আর্ট
157,Iron man,104,Factory & Manufacturing Worker,কারখানা ও উৎপাদন কর্মী
158,Journalist,105,Media / Entertainment,মিডিয়া / বিনোদন
159,Juice Maker,106,Cook/Chef,রাঁধুনি / শেফ
160,Food Preparation Worker,107,Cook/Chef,রাঁধুনি / শেফ
161,Kitchen Worker,107,Cook/Chef,রাঁধুনি / শেফ
162,Worker To clean kitchen Appliances,107,Cook/Chef,রাঁধুনি / শেফ
163,Lab. Technician,108,Technician & Maintenance Worker,টেকনিশিয়ান ও রক্ষণাবেক্ষণ কর্মী
164,Storage Labour,109,Warehouse and Store Worker,গুদাম ও স্টোর কর্মী
165,Labour,109,General worker,সাধারণ শ্রমিক
166,Reservoir Labour,109,Cleaner,পরিচ্ছন্নতা কর্মী
167,Nursery Labour,109,Agriculture,কৃষি কর্মী
168,Labour Controller,110,Factory & Manufacturing Worker,কারখানা ও উৎপাদন কর্মী
169,Laundry Man,111,Cleaner,পরিচ্ছন্নতা কর্মী
170,Lawyer,112,Legal Professional,উকিল
171,Legal Professional,112,Legal Professional,উকিল
172,Leather Technician,113,Factory & Manufacturing Worker,কারখানা ও উৎপাদন কর্মী
173,Librarian,114,Teacher,শিক্ষক
174,Meat processing machine operator,115,Technician & Maintenance Worker,টেকনিশিয়ান ও রক্ষণাবেক্ষণ কর্মী
175,Machine Operator,115,Factory & Manufacturing Worker,কারখানা ও উৎপাদন কর্মী
176,Excavating Machine Operator,115,Driver/Vehicle Operator,ড্রাইভার / যানবাহন অপারেটর
177,Maintenance Engineer,116,Engineer,প্রকৌশলী
178,Electrical Devices Maintenance Technician,117,Electrician,ইলেকট্রিশিয়ান
179,Electrical Maintenance Labor,117,Electrician,ইলেকট্রিশিয়ান
180,Maintenance Technician,117,Electrician,ইলেকট্রিশিয়ান
181,Marine Engineer,119,Engineer,প্রকৌশলী
182,Market Manager,120,Management and Supervisory Role,ব্যবস্থাপনা ও তত্ত্বাবধায়ক পদ
183,Marketing Specialist,121,Management and Supervisory Role,ব্যবস্থাপনা ও তত্ত্বাবধায়ক পদ
184,Specialist- Digital Procurement,121,IT,তথ্যপ্রযুক্তি (আইটি) কর্মী
185,Mason,122,Mason,রাজমিস্ত্রি
186,Mason,122,Mason,রাজমিস্ত্রি
187,Mechanical Drafts Man,123,IT,তথ্যপ্রযুক্তি (আইটি) কর্মী
188,Mechanical Engineer,124,Engineer,প্রকৌশলী
189,Mechanical Technician,125,Technician & Maintenance Worker,টেকনিশিয়ান ও রক্ষণাবেক্ষণ কর্মী
190,Medical Technician,126,Doctor & Healthcare Worker,ডাক্তার ও স্বাস্থ্যকর্মী
191,Medicine Specialist,127,Doctor & Healthcare Worker,ডাক্তার ও স্বাস্থ্যকর্মী
192,Merchandiser,128,Management and Supervisory Role,ব্যবস্থাপনা ও তত্ত্বাবধায়ক পদ
193,Metallurgical Engineer,129,Engineer,প্রকৌশলী
194,Microbiologist,130,Scientist & Researcher,বিজ্ঞানী ও গবেষক
195,Naval Architect,131,Engineer,প্রকৌশলী
196,Neonatal Specialist,132,Doctor & Healthcare Worker,ডাক্তার ও স্বাস্থ্যকর্মী
197,Nerves Surgery Specialist,133,Doctor & Healthcare Worker,ডাক্তার ও স্বাস্থ্যকর্মী
198,Network Administrator,134,Engineer,প্রকৌশলী
199,Network Engineer,135,Engineer,প্রকৌশলী
200,Network Technician,136,Technician & Maintenance Worker,টেকনিশিয়ান ও রক্ষণাবেক্ষণ কর্মী
201,Nurse,137,Nurse,নার্স
202,Nursing Auxiliary Assistant,137,Nurse,নার্স
203,Nurse,137,Doctor & Healthcare Worker,ডাক্তার ও স্বাস্থ্যকর্মী
204,Care Worker,137,Caregiver,কেয়ারগিভার
205,Nutrition Specialist,138,Doctor & Healthcare Worker,ডাক্তার ও স্বাস্থ্যকর্মী
206,Asst Executive Man,139,Management and Supervisory Role,ব্যবস্থাপনা ও তত্ত্বাবধায়ক পদ
207,Office Assistant,139,Management and Supervisory Role,ব্যবস্থাপনা ও তত্ত্বাবধায়ক পদ
208,Oil Changer,140,Factory & Manufacturing Worker,কারখানা ও উৎপাদন কর্মী
209,Oxygen Welder,141,Welder and fabricator,ওয়েল্ডার ও ফ্যাব্রিকেটর
210,Painter,142,Painter,পেইন্টার
211,Petro-Chemical Engineer,143,Engineer,প্রকৌশলী
212,Pharmacist,144,Doctor & Healthcare Worker,ডাক্তার ও স্বাস্থ্যকর্মী
213,Physician,145,Doctor & Healthcare Worker,ডাক্তার ও স্বাস্থ্যকর্মী
214,Physiologist,146,Scientist & Researcher,বিজ্ঞানী ও গবেষক
215,Pipe Worker,147,Plumber,প্লাম্বার
216,Plasterer,148,Construction Worker,নির্মাণ শ্রমিক
217,Plumber,149,Plumber,প্লাম্বার
218,Plumber,149,Plumber,প্লাম্বার
219,Auto Plumber,149,Automobile Worker,অটোমোবাইল কর্মী
220,Plumbing Drafts Man,150,Plumber,প্লাম্বার
221,Porter,151,Hotel and Tourism Worker,হোটেল ও পর্যটন কর্মী
222,Private Service,152,House Keeper,হাউসকিপার
223,Conference and Exhibition Coordinator,153,Management and Supervisory Role,ব্যবস্থাপনা ও তত্ত্বাবধায়ক পদ
224,Project Coordinator,153,Management and Supervisory Role,ব্যবস্থাপনা ও তত্ত্বাবধায়ক পদ
225,Project Engineer,154,Engineer,প্রকৌশলী
226,Project Manager,155,Management and Supervisory Role,ব্যবস্থাপনা ও তত্ত্বাবধায়ক পদ
227,Receptionist,156,Management and Supervisory Role,ব্যবস্থাপনা ও তত্ত্বাবধায়ক পদ
228,Recreation Attendant,157,Hotel and Tourism Worker,হোটেল ও পর্যটন কর্মী
229,Rod Binder,158,Construction Worker,নির্মাণ শ্রমিক
230,Sales Manager,159,Salesperson,বিক্রয়কর্মী
231,Sales Executive,160,Salesperson,বিক্রয়কর্মী
232,Sales Officer,160,Salesperson,বিক্রয়কর্মী
233,Sales Representative,160,Salesperson,বিক্রয়কর্মী
234,Construction Materials Salesman,161,Salesperson,বিক্রয়কর্মী
235,Flower and plants seller,161,Salesperson,বিক্রয়কর্মী
236,Furniture Seller,161,Salesperson,বিক্রয়কর্মী
237,Salesman,161,Salesperson,বিক্রয়কর্মী
238,Seller,161,Salesperson,বিক্রয়কর্মী
239,Vendor,161,Salesperson,বিক্রয়কর্মী
240,Sandwich Maker,162,Cook/Chef,রাঁধুনি / শেফ
241,Screen Fitter,163,Carpenter,কাঠমিস্ত্রি
242,Screen Maker,164,Others,অন্যান্য
243,Seaman,165,Shipping Work,শিপিং কাজ
244,Seat Maker,166,Carpenter,কাঠমিস্ত্রি
245,Security Guard,167,Security Worker,নিরাপত্তা কর্মী
246,Protected Animal Keeper,168,Agriculture,কৃষি কর্মী
247,Shepherd,168,Agriculture,কৃষি কর্মী
248,Shoe Maker,169,Factory & Manufacturing Worker,কারখানা ও উৎপাদন কর্মী
249,Sign Writer,170,Carpenter,কাঠমিস্ত্রি
250,Sofa Maker,171,Carpenter,কাঠমিস্ত্রি
251,Specialist in Humanities,172,Teacher,শিক্ষক
252,Specialist Doctor,172,Doctor & Healthcare Worker,ডাক্তার ও স্বাস্থ্যকর্মী
253,Steel Worker,173,Welder and fabricator,ওয়েল্ডার ও ফ্যাব্রিকেটর
254,Shop Keeper,174,Warehouse and Store Worker,গুদাম ও স্টোর কর্মী
255,Store Keeper,174,Warehouse and Store Worker,গুদাম ও স্টোর কর্মী
256,Student,175,Others,অন্যান্য
257,Surgeon,176,Doctor & Healthcare Worker,ডাক্তার ও স্বাস্থ্যকর্মী
258,System Administrator,177,Engineer,প্রকৌশলী
259,System Analyst,178,Engineer,প্রকৌশলী
260,System Designer,179,Engineer,প্রকৌশলী
261,Adult Education tutor,180,Teacher,শিক্ষক
262,Assistant professor,180,Teacher,শিক্ষক
263,Play Worker,180,Teacher,শিক্ষক
264,Teacher,180,Teacher,শিক্ষক
265,Nursery Assistant,180,Nurse,নার্স
266,Telecommunication Engineer,181,Telecommunication,টেলিযোগাযোগ
267,Telephone Mechanic,182,Telecommunication,টেলিযোগাযোগ
268,Telephone Operator,183,Management and Supervisory Role,ব্যবস্থাপনা ও তত্ত্বাবধায়ক পদ
269,Television Photographer,184,Media / Entertainment,মিডিয়া / বিনোদন
270,Textile Engineer,185,Engineer,প্রকৌশলী
271,Thermal Engineer,186,Engineer,প্রকৌশলী
272,Tiles Worker,187,Construction Worker,নির্মাণ শ্রমিক
273,Tourist Guide,188,Hotel and Tourism Worker,হোটেল ও পর্যটন কর্মী
274,Tower Crane Operator,189,Driver/Vehicle Operator,ড্রাইভার / যানবাহন অপারেটর
275,Trainer,190,Teacher,শিক্ষক
276,Translator,191,Others,অন্যান্য
277,Tug Master,192,Shipping Work,শিপিং কাজ
278,Typist,193,Management and Supervisory Role,ব্যবস্থাপনা ও তত্ত্বাবধায়ক পদ
279,Vulcanizer,194,Automobile Worker,অটোমোবাইল কর্মী
280,Waiter,195,Cook/Chef,রাঁধুনি / শেফ
281,Web Designer/Developer,196,IT,তথ্যপ্রযুক্তি (আইটি) কর্মী
282,Web Developer,196,IT,তথ্যপ্রযুক্তি (আইটি) কর্মী
283,Structural welder Smaw Cs,197,Welder and fabricator,ওয়েল্ডার ও ফ্যাব্রিকেটর
284,Welder/Fabricator,197,Welder and fabricator,ওয়েল্ডার ও ফ্যাব্রিকেটর
285,Welders and Flame Cutters,197,Welder and fabricator,ওয়েল্ডার ও ফ্যাব্রিকেটর
286,Senior Staff Nurse OT (Male),199,Nurse,নার্স
287,Senior Staff Nurse OT (Female),200,Nurse,নার্স
288,Wood Painter,201,Carpenter,কাঠমিস্ত্রি
289,Building Painter,202,Construction Worker,নির্মাণ শ্রমিক
290,Car Painter,203,Automobile Worker,অটোমোবাইল কর্মী
291,Spray Painter,204,Painter,পেইন্টার
292,Vehicle Spray Painter,204,Automobile Worker,অটোমোবাইল কর্মী
293,Pipe Welder,205,Welder and fabricator,ওয়েল্ডার ও ফ্যাব্রিকেটর
294,Pipe Fabricators,206,Welder and fabricator,ওয়েল্ডার ও ফ্যাব্রিকেটর
295,Pipes Cleaning Labour,207,Cleaner,পরিচ্ছন্নতা কর্মী
296,Pipes Lying Labour,208,Plumber,প্লাম্বার
297,Pipes Cleaning Labour (With Spray),209,Cleaner,পরিচ্ছন্নতা কর্মী
298,Pipe Fitting Labour,210,Plumber,প্লাম্বার
299,Gas Pipeline Erection Labour,211,Plumber,প্লাম্বার
300,Pipe Foreman,212,Plumber,প্লাম্বার
301,Assistant Plumber,213,Plumber,প্লাম্বার
302,Sea Guard,214,Security Worker,নিরাপত্তা কর্মী
303,Male Security (A-Grade),215,Security Worker,নিরাপত্তা কর্মী
304,Security Services,216,Security Worker,নিরাপত্তা কর্মী
305,Shipyard Safety Securuity,216,Security Worker,নিরাপত্তা কর্মী
306,Safety and Security Manager,216,Management and Supervisory Role,ব্যবস্থাপনা ও তত্ত্বাবধায়ক পদ
307,Security Engineer,216,Engineer,প্রকৌশলী
308,Patrolling Security,217,Security Worker,নিরাপত্তা কর্মী
309,Female Security,218,Security Worker,নিরাপত্তা কর্মী
310,Guard,219,Security Worker,নিরাপত্তা কর্মী
311,Home Guard,219,Security Worker,নিরাপত্তা কর্মী
312,Mechanical Technician (Ammonia Storage),220,Technician & Maintenance Worker,টেকনিশিয়ান ও রক্ষণাবেক্ষণ কর্মী
313,Mechanical Technician (Compressor),221,Technician & Maintenance Worker,টেকনিশিয়ান ও রক্ষণাবেক্ষণ কর্মী
314,Mechanical Technician (Ammonia),222,Technician & Maintenance Worker,টেকনিশিয়ান ও রক্ষণাবেক্ষণ কর্মী
315,Mechanical Technician (Material),223,Technician & Maintenance Worker,টেকনিশিয়ান ও রক্ষণাবেক্ষণ কর্মী
316,Mechanical Technician (Maintenance),224,Technician & Maintenance Worker,টেকনিশিয়ান ও রক্ষণাবেক্ষণ কর্মী
317,Mechanical Technician (Workshop),225,Technician & Maintenance Worker,টেকনিশিয়ান ও রক্ষণাবেক্ষণ কর্মী
318,Steel Fixer,226,Scaffolding and Metal Worker,স্ক্যাফোল্ডিং ও মেটাল কর্মী
319,Steel Marker,227,Scaffolding and Metal Worker,স্ক্যাফোল্ডিং ও মেটাল কর্মী
320,Steel Wire Machine Operator,228,Scaffolding and Metal Worker,স্ক্যাফোল্ডিং ও মেটাল কর্মী
321,CNC Machine Operator,228,Automobile Worker,অটোমোবাইল কর্মী
322,Assistant Steel Fixer,229,Construction Worker,নির্মাণ শ্রমিক
323,Steel Concrete Labour,230,Scaffolding and Metal Worker,স্ক্যাফোল্ডিং ও মেটাল কর্মী
324,Tiles Fixer,231,Construction Worker,নির্মাণ শ্রমিক
325,Asst. Tile Fitter,232,Construction Worker,নির্মাণ শ্রমিক
326,Charge Hand Tile Setter/Marble layer,233,Construction Worker,নির্মাণ শ্রমিক
327,Tile Fixer (Wall),234,Construction Worker,নির্মাণ শ্রমিক
328,Tile Fixer(Wall),234,Construction Worker,নির্মাণ শ্রমিক
329,Plumber specialized in Textile finishing,235,Textile Worker,টেক্সটাইল কর্মী
330,Fitter Grade-A,236,Factory & Manufacturing Worker,কারখানা ও উৎপাদন কর্মী
331,Carpet Fitter,238,Construction Worker,নির্মাণ শ্রমিক
332,Marine Fitter,240,Shipping Work,শিপিং কাজ
333,Instrument Fitter,241,Electrician,ইলেকট্রিশিয়ান
334,Mechanical Fitter,242,Technician & Maintenance Worker,টেকনিশিয়ান ও রক্ষণাবেক্ষণ কর্মী
335,Auto Parts Fitter,242,Automobile Worker,অটোমোবাইল কর্মী
336,Ship Fitter,243,Shipping Work,শিপিং কাজ
337,Auto Greasing Lubricator,244,Automobile Worker,অটোমোবাইল কর্মী
338,Fork Lift Driver,246,Driver/Vehicle Operator,ড্রাইভার / যানবাহন অপারেটর
339,Compactor/Roller Driver,247,Driver/Vehicle Operator,ড্রাইভার / যানবাহন অপারেটর
340,LD Driver,248,Driver/Vehicle Operator,ড্রাইভার / যানবাহন অপারেটর
341,Light Duty Vehicle Driver,248,Driver/Vehicle Operator,ড্রাইভার / যানবাহন অপারেটর
342,Taxi driver,248,Driver/Vehicle Operator,ড্রাইভার / যানবাহন অপারেটর
343,Construction Worker -Cum- Driver,249,Driver/Vehicle Operator,ড্রাইভার / যানবাহন অপারেটর
344,Heavy Driver,249,Driver/Vehicle Operator,ড্রাইভার / যানবাহন অপারেটর
345,Public Driver,250,Driver/Vehicle Operator,ড্রাইভার / যানবাহন অপারেটর
346,Oxigen Driver,251,Welder and fabricator,ওয়েল্ডার ও ফ্যাব্রিকেটর
347,Medium Vehicle Driver,252,Driver/Vehicle Operator,ড্রাইভার / যানবাহন অপারেটর
348,Shuttering Carpenter,253,Carpenter,কাঠমিস্ত্রি
349,Carpenter (A Grade),254,Carpenter,কাঠমিস্ত্রি
350,Assistant Carpenter,255,Carpenter,কাঠমিস্ত্রি
351,City cleaning labor,256,Cleaner,পরিচ্ছন্নতা কর্মী
352,Public Area Cleaner,256,Cleaner,পরিচ্ছন্নতা কর্মী
353,Car Cleaner,257,Automobile Worker,অটোমোবাইল কর্মী
354,Window Cleaner,259,Cleaner,পরিচ্ছন্নতা কর্মী
355,Khadem/Cleaner,260,Cleaner,পরিচ্ছন্নতা কর্মী
356,Archives Clerk,261,Management and Supervisory Role,ব্যবস্থাপনা ও তত্ত্বাবধায়ক পদ
357,Continental Cook,262,Cook/Chef,রাঁধুনি / শেফ
358,Foreign Food Cook,262,Cook/Chef,রাঁধুনি / শেফ
359,Arabic Food Cook,263,Cook/Chef,রাঁধুনি / শেফ
360,Assistant Cook,264,Cook/Chef,রাঁধুনি / শেফ
361,Assistant Head Chef,264,Cook/Chef,রাঁধুনি / শেফ
362,Cont. Cook,265,Cook/Chef,রাঁধুনি / শেফ
363,Salad Cook,266,Cook/Chef,রাঁধুনি / শেফ
364,Rice Cook,267,Cook/Chef,রাঁধুনি / শেফ
365,Pakistani Cook,268,Cook/Chef,রাঁধুনি / শেফ
366,Breakfast Cook,269,Cook/Chef,রাঁধুনি / শেফ
367,Indian Cook,270,Cook/Chef,রাঁধুনি / শেফ
368,Roast Maker,271,Cook/Chef,রাঁধুনি / শেফ
369,Halwah Maker,272,Textile Worker,টেক্সটাইল কর্মী
370,Bread Maker,275,Cook/Chef,রাঁধুনি / শেফ
371,Shawarma Fryer,276,Cook/Chef,রাঁধুনি / শেফ
372,Meat Fryer,277,Cook/Chef,রাঁধুনি / শেফ
373,Fryer,278,Cook/Chef,রাঁধুনি / শেফ
374,Sweet Maker,279,Cook/Chef,রাঁধুনি / শেফ
375,Chicken Fryer,280,Cook/Chef,রাঁধুনি / শেফ
376,Chemical Food Maker,281,Cook/Chef,রাঁধুনি / শেফ
377,Food Processing And Preservation,282,Cook/Chef,রাঁধুনি / শেফ
378,Fruits and Vegetables Preserver,282,Cook/Chef,রাঁধুনি / শেফ
379,Khaleeji Cook,283,Cook/Chef,রাঁধুনি / শেফ
380,Doctor (Female),284,Doctor & Healthcare Worker,ডাক্তার ও স্বাস্থ্যকর্মী
381,General Doctor,285,Management and Supervisory Role,ব্যবস্থাপনা ও তত্ত্বাবধায়ক পদ
382,Chest Doctor,287,Doctor & Healthcare Worker,ডাক্তার ও স্বাস্থ্যকর্মী
383,Assistant Electrician,288,Electrician,ইলেকট্রিশিয়ান
384,Overhead Line Electrician,289,Electrician,ইলেকট্রিশিয়ান
385,Maintanance Electrician,290,Electrician,ইলেকট্রিশিয়ান
386,Wiring Electrician,291,Technician & Maintenance Worker,টেকনিশিয়ান ও রক্ষণাবেক্ষণ কর্মী
387,Auto Electrician,292,Automobile Worker,অটোমোবাইল কর্মী
388,High Voltage Electrician,293,Electrician,ইলেকট্রিশিয়ান
389,Electrician Wiring Technician,294,Electrician,ইলেকট্রিশিয়ান
390,Asst. Auto Electrician,295,Automobile Worker,অটোমোবাইল কর্মী
391,Network Electrician,296,Telecommunication,টেলিযোগাযোগ
392,A/C and Refrigerator Electrician,297,Refrigeration & Air-conditioning,রেফ্রিজারেশন ও এয়ার কন্ডিশনিং
393,Elevator Electrician,298,Electrician,ইলেকট্রিশিয়ান
394,Equipment Electrician,299,Electrician,ইলেকট্রিশিয়ান
395,Electrician (Distribution Board),300,Electrician,ইলেকট্রিশিয়ান
396,Swing Line Helper (Female),301,Welder and fabricator,ওয়েল্ডার ও ফ্যাব্রিকেটর
397,Sewing Operator,302,Welder and fabricator,ওয়েল্ডার ও ফ্যাব্রিকেটর
398,Swing Line Checker,302,Welder and fabricator,ওয়েল্ডার ও ফ্যাব্রিকেটর
399,Swing Line Checker (Female),303,Welder and fabricator,ওয়েল্ডার ও ফ্যাব্রিকেটর
400,Garments Packer (Female),304,Textile Worker,টেক্সটাইল কর্মী
401,Garment Production Manager,305,Textile Worker,টেক্সটাইল কর্মী
402,Production Operator (Female),306,Factory & Manufacturing Worker,কারখানা ও উৎপাদন কর্মী
403,Production Line Worker,307,Factory & Manufacturing Worker,কারখানা ও উৎপাদন কর্মী
404,Production Worker,307,Factory & Manufacturing Worker,কারখানা ও উৎপাদন কর্মী
405,Production Assistant,308,Management and Supervisory Role,ব্যবস্থাপনা ও তত্ত্বাবধায়ক পদ
406,Production Manager,309,Factory & Manufacturing Worker,কারখানা ও উৎপাদন কর্মী
407,Production Executive,310,Factory & Manufacturing Worker,কারখানা ও উৎপাদন কর্মী
408,Production in charge,310,Factory & Manufacturing Worker,কারখানা ও উৎপাদন কর্মী
409,Tailor,311,Welder and fabricator,ওয়েল্ডার ও ফ্যাব্রিকেটর
410,Military Tailor,311,Textile Worker,টেক্সটাইল কর্মী
411,Women S Clothes Dressmaker- General,311,Factory & Manufacturing Worker,কারখানা ও উৎপাদন কর্মী
412,Single Needle Operator,312,Welder and fabricator,ওয়েল্ডার ও ফ্যাব্রিকেটর
413,Double Niddle Operator,313,Welder and fabricator,ওয়েল্ডার ও ফ্যাব্রিকেটর
414,Supervisor (Finishing),314,Management and Supervisory Role,ব্যবস্থাপনা ও তত্ত্বাবধায়ক পদ
415,Finishing Button,315,Welder and fabricator,ওয়েল্ডার ও ফ্যাব্রিকেটর
416,Cutting Master,316,Factory & Manufacturing Worker,কারখানা ও উৎপাদন কর্মী
417,Floor In Charge,317,Management and Supervisory Role,ব্যবস্থাপনা ও তত্ত্বাবধায়ক পদ
418,Floor Man,318,Factory & Manufacturing Worker,কারখানা ও উৎপাদন কর্মী
419,Finishing Man,319,Shipping Work,শিপিং কাজ
420,House Keeping Attendent,320,House Keeper,হাউসকিপার
421,Chambermaid,320,Hotel and Tourism Worker,হোটেল ও পর্যটন কর্মী
422,Warehouse worker,321,Warehouse and Store Worker,গুদাম ও স্টোর কর্মী
423,Loading Unloading labour,321,Loading Unloading Labor,লোডিং–আনলোডিং শ্রমিক
424,House Boy,322,House Keeper,হাউসকিপার
425,Janitor,323,Cleaner,পরিচ্ছন্নতা কর্মী
426,Servent,324,House Keeper,হাউসকিপার
427,Scaffolding Labour,326,Scaffolding and Metal Worker,স্ক্যাফোল্ডিং ও মেটাল কর্মী
428,Road Maintanence Labour,327,Construction Worker,নির্মাণ শ্রমিক
429,Fixing Labour,328,Construction Worker,নির্মাণ শ্রমিক
430,Auto Labour,329,Automobile Worker,অটোমোবাইল কর্মী
431,Asst. Auto Labour,330,Automobile Worker,অটোমোবাইল কর্মী
432,Concrete Labour,331,Construction Worker,নির্মাণ শ্রমিক
433,Machine Labour,332,Factory & Manufacturing Worker,কারখানা ও উৎপাদন কর্মী
434,Labour (Junior),333,General worker,সাধারণ শ্রমিক
435,General Labour (Junior),334,General worker,সাধারণ শ্রমিক
436,Common Labour,335,General worker,সাধারণ শ্রমিক
437,Building Labour,336,General worker,সাধারণ শ্রমিক
438,Workshop Labour,337,Factory & Manufacturing Worker,কারখানা ও উৎপাদন কর্মী
439,Glass Compound,338,Factory & Manufacturing Worker,কারখানা ও উৎপাদন কর্মী
440,Glass Labour,338,Craftsman,কারুশিল্পী
441,Window Cleaning Labour,339,Cleaner,পরিচ্ছন্নতা কর্মী
442,Loading & Unloading Labour,340,Loading Unloading Labor,লোডিং–আনলোডিং শ্রমিক
443,Loading Unloading Labour,340,Loading Unloading Labor,লোডিং–আনলোডিং শ্রমিক
444,Loading Unloading Worker,340,Loading Unloading Labor,লোডিং–আনলোডিং শ্রমিক
445,Loading UnloadingÂ Labour,340,Loading Unloading Labor,লোডিং–আনলোডিং শ্রমিক
446,Transport Car Worker,340,Automobile Worker,অটোমোবাইল কর্মী
447,Juice Labour,341,Cook/Chef,রাঁধুনি / শেফ
448,Cleaning Labour,343,Cleaner,পরিচ্ছন্নতা কর্মী
449,Offices & Facilities Cleaning Labor,343,Cleaner,পরিচ্ছন্নতা কর্মী
450,Restaurant Labour,344,Cook/Chef,রাঁধুনি / শেফ
451,Restaurant Worker,344,Cook/Chef,রাঁধুনি / শেফ
452,Embroidery Labour,345,Textile Worker,টেক্সটাইল কর্মী
453,Knitting Machine Operator,345,Textile Worker,টেক্সটাইল কর্মী
454,Hospital Cleaning worker,346,Management and Supervisory Role,ব্যবস্থাপনা ও তত্ত্বাবধায়ক পদ
455,Hospital Cleaner,346,Cleaner,পরিচ্ছন্নতা কর্মী
456,Hospital Cleaning Labour,346,Cleaner,পরিচ্ছন্নতা কর্মী
457,Female Press,347,Textile Worker,টেক্সটাইল কর্মী
458,Press Labour,347,Textile Worker,টেক্সটাইল কর্মী
459,Electroplating Labour,348,Factory & Manufacturing Worker,কারখানা ও উৎপাদন কর্মী
460,Female Labour,349,Factory & Manufacturing Worker,কারখানা ও উৎপাদন কর্মী
461,Cleaning Labour (Female),350,Cleaner,পরিচ্ছন্নতা কর্মী
462,Generator Labour,351,Technician & Maintenance Worker,টেকনিশিয়ান ও রক্ষণাবেক্ষণ কর্মী
463,Shipping Labour,352,Shipping Work,শিপিং কাজ
464,Jockey Man,354,Others,অন্যান্য
465,Juice Server,356,Hotel and Tourism Worker,হোটেল ও পর্যটন কর্মী
466,Office Boy,358,Management and Supervisory Role,ব্যবস্থাপনা ও তত্ত্বাবধায়ক পদ
467,Remove oil spots,359,Cleaner,পরিচ্ছন্নতা কর্মী
468,Maker,360,Factory & Manufacturing Worker,কারখানা ও উৎপাদন কর্মী
469,Horse Stable Man,362,Agriculture,কৃষি কর্মী
470,Stone Keeper,363,Warehouse and Store Worker,গুদাম ও স্টোর কর্মী
471,Time Keeper,365,Management and Supervisory Role,ব্যবস্থাপনা ও তত্ত্বাবধায়ক পদ
472,Buttonhole Maker,366,Textile Worker,টেক্সটাইল কর্মী
473,Wheel Checker,367,Automobile Worker,অটোমোবাইল কর্মী
474,Messenger,368,Others,অন্যান্য
475,Presser General,369,Textile Worker,টেক্সটাইল কর্মী
476,Crane Operator,370,Driver/Vehicle Operator,ড্রাইভার / যানবাহন অপারেটর
477,Assist. Tug Master,371,Shipping Work,শিপিং কাজ
478,Bee Care Taker,372,Agriculture,কৃষি কর্মী
479,Beekeeper,372,Agriculture,কৃষি কর্মী
480,Laundry Attendant,373,Cleaner,পরিচ্ছন্নতা কর্মী
481,General Attendant,374,Management and Supervisory Role,ব্যবস্থাপনা ও তত্ত্বাবধায়ক পদ
482,Fuel Attendant,375,Fuel Filling Station Worker,ফুয়েল স্টেশন কর্মী
483,Staff Locker Attendant,376,Security Worker,নিরাপত্তা কর্মী
484,Camel men,377,Agriculture,কৃষি কর্মী
485,Bee Collector,378,Agriculture,কৃষি কর্মী
486,Construction Installer,379,Construction Worker,নির্মাণ শ্রমিক
487,Building / Construction Helper,380,Construction Worker,নির্মাণ শ্রমিক
488,Road Construction,381,Construction Worker,নির্মাণ শ্রমিক
489,Car Decoration Labor,382,Automobile Worker,অটোমোবাইল কর্মী
490,Decoration Labor,383,Others,অন্যান্য
491,Car Wheel Repair,384,Automobile Worker,অটোমোবাইল কর্মী
492,Catering Handler,385,Cook/Chef,রাঁধুনি / শেফ
493,Food Handling,385,Cook/Chef,রাঁধুনি / শেফ
494,Catering Supplier,386,Salesperson,বিক্রয়কর্মী
495,Masonary Asst. Concrete,387,Mason,রাজমিস্ত্রি
496,Concreter,388,Construction Worker,নির্মাণ শ্রমিক
497,Cattle Breeder,389,Agriculture,কৃষি কর্মী
498,Cattle Herder,389,Agriculture,কৃষি কর্মী
499,Cow Boy,389,Agriculture,কৃষি কর্মী
500,Digger,390,Driver/Vehicle Operator,ড্রাইভার / যানবাহন অপারেটর
501,Egg Collector,391,Agriculture,কৃষি কর্মী
502,Nursery Labour,392,Agriculture,কৃষি কর্মী
503,Fish Cleaner,393,Cook/Chef,রাঁধুনি / শেফ
504,Fish Cutter,393,Cook/Chef,রাঁধুনি / শেফ
505,Mason Helper,394,Mason,রাজমিস্ত্রি
506,Mason/Bricklayer,395,Mason,রাজমিস্ত্রি
507,Mason (Roof Insulation),396,Mason,রাজমিস্ত্রি
508,Roofer,396,Construction Worker,নির্মাণ শ্রমিক
509,Mason (Mixer),397,Mason,রাজমিস্ত্রি
510,Assistant Mason,398,Mason,রাজমিস্ত্রি
511,Mason (Plaster/Block),399,Mason,রাজমিস্ত্রি
512,Electro Medical Technician,400,Electrician,ইলেকট্রিশিয়ান
513,Medical Science Technician,401,Doctor & Healthcare Worker,ডাক্তার ও স্বাস্থ্যকর্মী
514,Nurse (Male),402,Nurse,নার্স
515,1st Commis(Kitchen),403,Cook/Chef,রাঁধুনি / শেফ
516,1st Commis(Pastry),404,Cook/Chef,রাঁধুনি / শেফ
517,6G Smaw,406,Welder and fabricator,ওয়েল্ডার ও ফ্যাব্রিকেটর
518,AC Engineer,407,Refrigeration & Air-conditioning,রেফ্রিজারেশন ও এয়ার কন্ডিশনিং
519,Others,408,Others,অন্যান্য
520,AUTOLUBRICATAR AND OILIER,409,Automobile Worker,অটোমোবাইল কর্মী
521,Actor,410,Media / Entertainment,মিডিয়া / বিনোদন
522,Sales Administrator,411,Salesperson,বিক্রয়কর্মী
523,Administrator,411,Management and Supervisory Role,ব্যবস্থাপনা ও তত্ত্বাবধায়ক পদ
524,Air Host,412,Airline Worker,এয়ারলাইন কর্মী
525,All Round Foreman,413,Construction Worker,নির্মাণ শ্রমিক
526,Aluminium Fabricator,414,Welder and fabricator,ওয়েল্ডার ও ফ্যাব্রিকেটর
527,Aluminium Fitter,414,Welder and fabricator,ওয়েল্ডার ও ফ্যাব্রিকেটর
528,Aluminum Technician,415,Welder and fabricator,ওয়েল্ডার ও ফ্যাব্রিকেটর
529,Anesthesia Technician,416,Doctor & Healthcare Worker,ডাক্তার ও স্বাস্থ্যকর্মী
530,Architect Engineer,417,Architect,স্থপতি
531,Architect Labour,418,Architect,স্থপতি
532,Architecture Labour,419,Architect,স্থপতি
533,Army,420,Others,অন্যান্য
534,Artificial Kidney Technician,421,Doctor & Healthcare Worker,ডাক্তার ও স্বাস্থ্যকর্মী
535,Asphalt cutting,422,Construction Worker,নির্মাণ শ্রমিক
536,Asphalt Mixing,423,Construction Worker,নির্মাণ শ্রমিক
537,Assembler,424,Factory & Manufacturing Worker,কারখানা ও উৎপাদন কর্মী
538,Cooling Devices Assembler,424,Factory & Manufacturing Worker,কারখানা ও উৎপাদন কর্মী
539,Plastic and Metal Products Assembling Worker,424,Factory & Manufacturing Worker,কারখানা ও উৎপাদন কর্মী
540,Furniture Assembling Worker,424,Carpenter,কাঠমিস্ত্রি
541,Assistant Ductman,425,Welder and fabricator,ওয়েল্ডার ও ফ্যাব্রিকেটর
542,Ductman,425,Refrigeration & Air-conditioning,রেফ্রিজারেশন ও এয়ার কন্ডিশনিং
543,Assistant Manager,426,Management and Supervisory Role,ব্যবস্থাপনা ও তত্ত্বাবধায়ক পদ
544,Asst. Butcher,427,Cook/Chef,রাঁধুনি / শেফ
545,Asst. Ceramic Mason,428,Mason,রাজমিস্ত্রি
546,Asst. Head Chief,429,Cook/Chef,রাঁধুনি / শেফ
547,Asst. Marable Mason,430,Mason,রাজমিস্ত্রি
548,Asst. Plaster Mason,431,Mason,রাজমিস্ত্রি
549,Atomic Measuring Instrument Engineer,432,Engineer,প্রকৌশলী
550,Audio Technician,433,Technician & Maintenance Worker,টেকনিশিয়ান ও রক্ষণাবেক্ষণ কর্মী
551,Auto Lubricator,434,Automobile Worker,অটোমোবাইল কর্মী
552,Auto Lubricator And Washing Labour,435,Automobile Worker,অটোমোবাইল কর্মী
553,Auto Mechanic,436,Automobile Worker,অটোমোবাইল কর্মী
554,Automatic Slitter Operator,437,Factory & Manufacturing Worker,কারখানা ও উৎপাদন কর্মী
555,Backer,438,Construction Worker,নির্মাণ শ্রমিক
556,Banks Man Rigger,439,Finance & Accounting,ফাইন্যান্স ও হিসাবরক্ষণ
557,Bar Tender,440,Hotel and Tourism Worker,হোটেল ও পর্যটন কর্মী
558,Bartender,440,Hotel and Tourism Worker,হোটেল ও পর্যটন কর্মী
559,Bar Man,441,Hotel and Tourism Worker,হোটেল ও পর্যটন কর্মী
560,Barbar,442,Barber & Beautician,নাপিত ও বিউটিশিয়ান
561,Barber(female),443,Barber & Beautician,নাপিত ও বিউটিশিয়ান
562,Batch Plant Operator,444,Factory & Manufacturing Worker,কারখানা ও উৎপাদন কর্মী
563,Bean Maker,445,Cook/Chef,রাঁধুনি / শেফ
564,Beautician,446,Barber & Beautician,নাপিত ও বিউটিশিয়ান
565,Bell Boy,447,Hotel and Tourism Worker,হোটেল ও পর্যটন কর্মী
566,Bellboys,448,Hotel and Tourism Worker,হোটেল ও পর্যটন কর্মী
567,Blaster,449,Construction Worker,নির্মাণ শ্রমিক
568,Block Layer,450,Construction Worker,নির্মাণ শ্রমিক
569,Block Man,451,Construction Worker,নির্মাণ শ্রমিক
570,Blood Disease Specialist,452,Doctor & Healthcare Worker,ডাক্তার ও স্বাস্থ্যকর্মী
571,Bobcats/JCb Operator,453,Driver/Vehicle Operator,ড্রাইভার / যানবাহন অপারেটর
572,Brick Worker,454,Construction Worker,নির্মাণ শ্রমিক
573,Buldozer Operator,455,Driver/Vehicle Operator,ড্রাইভার / যানবাহন অপারেটর
574,Camp Bars,456,Hotel and Tourism Worker,হোটেল ও পর্যটন কর্মী
575,Camp Boss,457,Management and Supervisory Role,ব্যবস্থাপনা ও তত্ত্বাবধায়ক পদ
576,Captain,458,Shipping Work,শিপিং কাজ
577,Pilot,458,Airline Worker,এয়ারলাইন কর্মী
578,Car Up Holesterer,459,Automobile Worker,অটোমোবাইল কর্মী
579,Cargo Handler,460,Loading Unloading Labor,লোডিং–আনলোডিং শ্রমিক
580,Caster,461,Factory & Manufacturing Worker,কারখানা ও উৎপাদন কর্মী
581,Catering / Supplier,462,Cook/Chef,রাঁধুনি / শেফ
582,Catering Hand,463,Cook/Chef,রাঁধুনি / শেফ
583,Ceramic Cerver,464,Mason,রাজমিস্ত্রি
584,Ceramic Mason,465,Mason,রাজমিস্ত্রি
585,Mason/Tile Layer,465,Mason,রাজমিস্ত্রি
586,Ceramic Technician,466,Construction Worker,নির্মাণ শ্রমিক
587,Chamber Man,467,Technician & Maintenance Worker,টেকনিশিয়ান ও রক্ষণাবেক্ষণ কর্মী
588,Chapati Maker,468,Cook/Chef,রাঁধুনি / শেফ
589,Chaperone(female),469,Security Worker,নিরাপত্তা কর্মী
590,Charge Hand Block Layer,470,Construction Worker,নির্মাণ শ্রমিক
591,Charge Hand Civil,471,Construction Worker,নির্মাণ শ্রমিক
592,Charge Hand Electrical,472,Construction Worker,নির্মাণ শ্রমিক
593,Charge Hand Mechanical,473,Construction Worker,নির্মাণ শ্রমিক
594,Charge Hand Plumbing,474,Plumber,প্লাম্বার
595,"Charge Hand Tile Setter, Marble layer",475,Construction Worker,নির্মাণ শ্রমিক
596,Tile Setter,475,Construction Worker,নির্মাণ শ্রমিক
597,Chartered Accountants,476,Finance & Accounting,ফাইন্যান্স ও হিসাবরক্ষণ
598,Checker,477,Factory & Manufacturing Worker,কারখানা ও উৎপাদন কর্মী
599,Assistant Chef,478,Cook/Chef,রাঁধুনি / শেফ
600,Chef/Cook,478,Cook/Chef,রাঁধুনি / শেফ
601,Head Chef,478,Cook/Chef,রাঁধুনি / শেফ
602,Indian Cury Chef,478,Cook/Chef,রাঁধুনি / শেফ
603,Pastry Chef,478,Cook/Chef,রাঁধুনি / শেফ
604,Special Chef De Partie-South Asian,478,Cook/Chef,রাঁধুনি / শেফ
605,Chemistry Teacher,480,Teacher,শিক্ষক
606,Chief the Party,481,Cook/Chef,রাঁধুনি / শেফ
607,Circular Loom Operator,482,Welder and fabricator,ওয়েল্ডার ও ফ্যাব্রিকেটর
608,Civil F/M,483,Construction Worker,নির্মাণ শ্রমিক
609,Cleaning Labour(Female),484,Cleaner,পরিচ্ছন্নতা কর্মী
610,Offices & Facilities Cleaning Worker ( Female ),484,Cleaner,পরিচ্ছন্নতা কর্মী
611,Cleaning Supervisor,485,Cleaner,পরিচ্ছন্নতা কর্মী
612,Coffee Maker,487,Cook/Chef,রাঁধুনি / শেফ
613,Coiling Machine Operator,488,Factory & Manufacturing Worker,কারখানা ও উৎপাদন কর্মী
614,Color Composing Technician,489,Technician & Maintenance Worker,টেকনিশিয়ান ও রক্ষণাবেক্ষণ কর্মী
615,Commis I,490,Cook/Chef,রাঁধুনি / শেফ
616,Commis II,491,Cook/Chef,রাঁধুনি / শেফ
617,Communication System Engineer,492,IT,তথ্যপ্রযুক্তি (আইটি) কর্মী
618,Conc Worker,493,Construction Worker,নির্মাণ শ্রমিক
619,Concrete Foreman,494,Construction Worker,নির্মাণ শ্রমিক
620,Construction Manager,495,Construction Worker,নির্মাণ শ্রমিক
621,Administrative Consultant,496,Management and Supervisory Role,ব্যবস্থাপনা ও তত্ত্বাবধায়ক পদ
622,Consultant,496,Management and Supervisory Role,ব্যবস্থাপনা ও তত্ত্বাবধায়ক পদ
623,Management Consultant,496,Management and Supervisory Role,ব্যবস্থাপনা ও তত্ত্বাবধায়ক পদ
624,Engineering Consultant,496,Engineer,প্রকৌশলী
625,General Consultant,496,Engineer,প্রকৌশলী
626,Contract Assistant,497,Legal Professional,উকিল
627,Control Room Engineer,498,Engineer,প্রকৌশলী
628,Cook,499,Cook/Chef,রাঁধুনি / শেফ
629,Cook Helper,500,Cook/Chef,রাঁধুনি / শেফ
630,Research Fellow,501,Scientist & Researcher,বিজ্ঞানী ও গবেষক
631,Coordinator,501,Management and Supervisory Role,ব্যবস্থাপনা ও তত্ত্বাবধায়ক পদ
632,General Coordinator,501,Management and Supervisory Role,ব্যবস্থাপনা ও তত্ত্বাবধায়ক পদ
633,Core Worker,502,General worker,সাধারণ শ্রমিক
634,Core Maker,502,Factory & Manufacturing Worker,কারখানা ও উৎপাদন কর্মী
635,Counterhand Assistant,503,Warehouse and Store Worker,গুদাম ও স্টোর কর্মী
636,Craftsman,504,Craftsman,কারুশিল্পী
637,Crew,505,General worker,সাধারণ শ্রমিক
638,Crew Restaurant,505,Cook/Chef,রাঁধুনি / শেফ
639,Cutter,506,Factory & Manufacturing Worker,কারখানা ও উৎপাদন কর্মী
640,Grass cutter,506,Factory & Manufacturing Worker,কারখানা ও উৎপাদন কর্মী
641,D/T,507,Technician & Maintenance Worker,টেকনিশিয়ান ও রক্ষণাবেক্ষণ কর্মী
642,Kansai W/Band Operator,508,Factory & Manufacturing Worker,কারখানা ও উৎপাদন কর্মী
643,Decoration Furniture,509,Carpenter,কাঠমিস্ত্রি
644,Delivery Boy/Man,510,Driver/Vehicle Operator,ড্রাইভার / যানবাহন অপারেটর
645,Delivery Man,510,Driver/Vehicle Operator,ড্রাইভার / যানবাহন অপারেটর
646,Food Delivery Worker,510,Driver/Vehicle Operator,ড্রাইভার / যানবাহন অপারেটর
647,Denter,511,Automobile Worker,অটোমোবাইল কর্মী
648,Denting Technician,512,Automobile Worker,অটোমোবাইল কর্মী
649,Designer,513,Creative/Arts,সৃজনশীল / আর্ট
650,Furniture Designer,513,Creative/Arts,সৃজনশীল / আর্ট
651,Diagnostic Radiologist,514,Doctor & Healthcare Worker,ডাক্তার ও স্বাস্থ্যকর্মী
652,Diesel Engine Operator,515,Driver/Vehicle Operator,ড্রাইভার / যানবাহন অপারেটর
653,Diesel Mechanic,516,Automobile Worker,অটোমোবাইল কর্মী
654,Digging Operator,517,Driver/Vehicle Operator,ড্রাইভার / যানবাহন অপারেটর
655,Editing Director,518,Media / Entertainment,মিডিয়া / বিনোদন
656,Admin Director,518,Management and Supervisory Role,ব্যবস্থাপনা ও তত্ত্বাবধায়ক পদ
657,ASST. General Dir,518,Management and Supervisory Role,ব্যবস্থাপনা ও তত্ত্বাবধায়ক পদ
658,Director,518,Management and Supervisory Role,ব্যবস্থাপনা ও তত্ত্বাবধায়ক পদ
659,General Director,518,Management and Supervisory Role,ব্যবস্থাপনা ও তত্ত্বাবধায়ক পদ
660,Managing Director,518,Management and Supervisory Role,ব্যবস্থাপনা ও তত্ত্বাবধায়ক পদ
661,Distributer,519,Salesperson,বিক্রয়কর্মী
662,Document Controller,520,Management and Supervisory Role,ব্যবস্থাপনা ও তত্ত্বাবধায়ক পদ
663,Documentation Assistant,521,Management and Supervisory Role,ব্যবস্থাপনা ও তত্ত্বাবধায়ক পদ
664,Double Needle Operator,522,Welder and fabricator,ওয়েল্ডার ও ফ্যাব্রিকেটর
665,Drainage Nets Technician,523,Plumber,প্লাম্বার
666,Drawing machine operator,524,Construction Worker,নির্মাণ শ্রমিক
667,Dry Cleaner,525,Cleaner,পরিচ্ছন্নতা কর্মী
668,Duct Fabricator,526,Refrigeration & Air-conditioning,রেফ্রিজারেশন ও এয়ার কন্ডিশনিং
669,Duct Foreman,527,Construction Worker,নির্মাণ শ্রমিক
670,Duct Insulator,528,Refrigeration & Air-conditioning,রেফ্রিজারেশন ও এয়ার কন্ডিশনিং
671,Duct Man,529,Refrigeration & Air-conditioning,রেফ্রিজারেশন ও এয়ার কন্ডিশনিং
672,Ductless Glands Specialist,530,Doctor & Healthcare Worker,ডাক্তার ও স্বাস্থ্যকর্মী
673,Dump Operator,531,Driver/Vehicle Operator,ড্রাইভার / যানবাহন অপারেটর
674,ELV. Electric Technician,532,Electrician,ইলেকট্রিশিয়ান
675,Economics Teacher,533,Teacher,শিক্ষক
676,Elect. Mech. Compress Technician,534,Refrigeration & Air-conditioning,রেফ্রিজারেশন ও এয়ার কন্ডিশনিং
677,Sewage Pipelayer,535,Plumber,প্লাম্বার
678,Elect. Mech. Sewage Technician,535,Factory & Manufacturing Worker,কারখানা ও উৎপাদন কর্মী
679,Electrical And Electronics Engineer,536,Engineer,প্রকৌশলী
680,Electrical Engineer,537,Engineer,প্রকৌশলী
681,Electrical Foreman,538,Electrician,ইলেকট্রিশিয়ান
682,Electrical Supervisor,539,Electrician,ইলেকট্রিশিয়ান
683,Electrical Power Labour,540,Electrician,ইলেকট্রিশিয়ান
684,Electrical(Ext) Helper,540,Electrician,ইলেকট্রিশিয়ান
685,Electrician / Electrical Technician,541,Electrician,ইলেকট্রিশিয়ান
686,Electrician(Distribution Board),542,Electrician,ইলেকট্রিশিয়ান
687,Electronic Technician,543,Electrician,ইলেকট্রিশিয়ান
688,Electronic Telephone Maintenance,544,Electrician,ইলেকট্রিশিয়ান
689,Electronics Supervisor,545,Electrician,ইলেকট্রিশিয়ান
690,Geotechnical Engineer,546,Textile Worker,টেক্সটাইল কর্মী
691,Development Manager,546,Management and Supervisory Role,ব্যবস্থাপনা ও তত্ত্বাবধায়ক পদ
692,Duty Manager,546,Management and Supervisory Role,ব্যবস্থাপনা ও তত্ত্বাবধায়ক পদ
693,Floor Manager,546,Management and Supervisory Role,ব্যবস্থাপনা ও তত্ত্বাবধায়ক পদ
694,Human Resource Manager,546,Management and Supervisory Role,ব্যবস্থাপনা ও তত্ত্বাবধায়ক পদ
695,Assistant Engineer,546,Engineer,প্রকৌশলী
696,DECOR ENGINEER,546,Engineer,প্রকৌশলী
697,Engineer,546,Engineer,প্রকৌশলী
698,Engineer all specializations,546,Engineer,প্রকৌশলী
699,Equipments Engineer,546,Electrician,ইলেকট্রিশিয়ান
700,Eqiupment Mechanic Grade-A,547,Automobile Worker,অটোমোবাইল কর্মী
701,Eqiupment Mechanic Grade-B,548,Automobile Worker,অটোমোবাইল কর্মী
702,Equipment Operator,549,Driver/Vehicle Operator,ড্রাইভার / যানবাহন অপারেটর
703,Equipment Technician,550,Electrician,ইলেকট্রিশিয়ান
704,Erector,551,Construction Worker,নির্মাণ শ্রমিক
705,Estimator,552,Management and Supervisory Role,ব্যবস্থাপনা ও তত্ত্বাবধায়ক পদ
706,Excavator Operator,553,Driver/Vehicle Operator,ড্রাইভার / যানবাহন অপারেটর
707,Executing huttonholes and keys with automatic machines,554,Welder and fabricator,ওয়েল্ডার ও ফ্যাব্রিকেটর
708,Executing over lock stitching,555,Welder and fabricator,ওয়েল্ডার ও ফ্যাব্রিকেটর
709,Execution of Pockets with automatic Machines,556,Automobile Worker,অটোমোবাইল কর্মী
710,Executive Chef,557,Cook/Chef,রাঁধুনি / শেফ
711,Fabric Cutter,558,Welder and fabricator,ওয়েল্ডার ও ফ্যাব্রিকেটর
712,Fabricator,558,Welder and fabricator,ওয়েল্ডার ও ফ্যাব্রিকেটর
713,Feed of the arm Operator,559,Welder and fabricator,ওয়েল্ডার ও ফ্যাব্রিকেটর
714,Female Teacher(Biology),561,Teacher,শিক্ষক
715,Female Teacher(Physics),562,Teacher,শিক্ষক
716,Field Engineer,563,Engineer,প্রকৌশলী
717,Final iron pressing(On pressing table),564,Textile Worker,টেক্সটাইল কর্মী
718,Final pressing(with pressing machines),565,Textile Worker,টেক্সটাইল কর্মী
719,Finising Forman,566,Construction Worker,নির্মাণ শ্রমিক
720,Fire System Technician,567,Technician & Maintenance Worker,টেকনিশিয়ান ও রক্ষণাবেক্ষণ কর্মী
721,GIB Board Fixer,568,General worker,সাধারণ শ্রমিক
722,Fixing collars,569,Textile Worker,টেক্সটাইল কর্মী
723,Fixing shoulder pads and sleeves with automatic machines,570,Factory & Manufacturing Worker,কারখানা ও উৎপাদন কর্মী
724,Flatlock Machine Operator,571,Welder and fabricator,ওয়েল্ডার ও ফ্যাব্রিকেটর
725,Forman(Civil),572,Construction Worker,নির্মাণ শ্রমিক
726,Formworks installer(Skilled),573,Construction Worker,নির্মাণ শ্রমিক
727,Formworks installer(unskilled),574,Construction Worker,নির্মাণ শ্রমিক
728,Foundry And Pattern Maker,575,Cook/Chef,রাঁধুনি / শেফ
729,Fuel Operator,576,Fuel Filling Station Worker,ফুয়েল স্টেশন কর্মী
730,Fuel Truck Transport,577,Driver/Vehicle Operator,ড্রাইভার / যানবাহন অপারেটর
731,Furniture Upholsterer,578,Carpenter,কাঠমিস্ত্রি
732,G.R.C.,579,Welder and fabricator,ওয়েল্ডার ও ফ্যাব্রিকেটর
733,G.R.P.,580,Welder and fabricator,ওয়েল্ডার ও ফ্যাব্রিকেটর
734,Galvanizer,581,Painter,পেইন্টার
735,Gang Leader,582,Fuel Filling Station Worker,ফুয়েল স্টেশন কর্মী
736,Garments Packer (Male),583,Textile Worker,টেক্সটাইল কর্মী
737,Gen. Surgery Specialist,584,Doctor & Healthcare Worker,ডাক্তার ও স্বাস্থ্যকর্মী
738,General Surgery Specialist,584,Doctor & Healthcare Worker,ডাক্তার ও স্বাস্থ্যকর্মী
739,Gen. Internal Specialist,585,Doctor & Healthcare Worker,ডাক্তার ও স্বাস্থ্যকর্মী
740,Gen. Transf. Supervisor,586,Logistics,লজিস্টিকস
741,Builder,587,Construction Worker,নির্মাণ শ্রমিক
742,General Builder,587,Construction Worker,নির্মাণ শ্রমিক
743,Master Builder,587,Construction Worker,নির্মাণ শ্রমিক
744,General Details Visitor,588,Management and Supervisory Role,ব্যবস্থাপনা ও তত্ত্বাবধায়ক পদ
745,General Labour,589,General worker,সাধারণ শ্রমিক
746,Stock Filler,590,Warehouse and Store Worker,গুদাম ও স্টোর কর্মী
747,Scaffloder,590,Scaffolding and Metal Worker,স্ক্যাফোল্ডিং ও মেটাল কর্মী
748,Quarrying Laboure,590,Mining Worker,খনি শ্রমিক
749,Executive,590,Management and Supervisory Role,ব্যবস্থাপনা ও তত্ত্বাবধায়ক পদ
750,General/SemiSkill,590,General worker,সাধারণ শ্রমিক
751,Team Member,590,General worker,সাধারণ শ্রমিক
752,Insurance Agent,590,Finance & Accounting,ফাইন্যান্স ও হিসাবরক্ষণ
753,Packer,590,Factory & Manufacturing Worker,কারখানা ও উৎপাদন কর্মী
754,Model Maker,590,Craftsman,কারুশিল্পী
755,Food cart preparator,590,Cook/Chef,রাঁধুনি / শেফ
756,Generator Operator,591,Electrician,ইলেকট্রিশিয়ান
757,Generator Technician,592,Engineer,প্রকৌশলী
758,Germents Manufacturing,593,Construction Worker,নির্মাণ শ্রমিক
759,Goldsmith,594,Driver/Vehicle Operator,ড্রাইভার / যানবাহন অপারেটর
760,Grader Operator,595,Creative/Arts,সৃজনশীল / আর্ট
761,Graphic Designer,596,Creative/Arts,সৃজনশীল / আর্ট
762,Graphics And Animation,596,Agriculture,কৃষি কর্মী
763,Guide,597,Craftsman,কারুশিল্পী
764,Gymsum Carving,598,Doctor & Healthcare Worker,ডাক্তার ও স্বাস্থ্যকর্মী
765,HSE Manager,599,Hotel and Tourism Worker,হোটেল ও পর্যটন কর্মী
766,HVAC Supervisor,600,Refrigeration & Air-conditioning,রেফ্রিজারেশন ও এয়ার কন্ডিশনিং
767,HVAC Technician,601,Refrigeration & Air-conditioning,রেফ্রিজারেশন ও এয়ার কন্ডিশনিং
768,Hand Presser,602,Textile Worker,টেক্সটাইল কর্মী
769,Head Waiter,603,Hotel and Tourism Worker,হোটেল ও পর্যটন কর্মী
770,Heavy Eqiupment Mechanic,604,Technician & Maintenance Worker,টেকনিশিয়ান ও রক্ষণাবেক্ষণ কর্মী
771,Heavy Trunk Mechanic,605,Technician & Maintenance Worker,টেকনিশিয়ান ও রক্ষণাবেক্ষণ কর্মী
772,Heavy Vehicle Operator,606,Driver/Vehicle Operator,ড্রাইভার / যানবাহন অপারেটর
773,Heavy Viehcle Driver,607,Driver/Vehicle Operator,ড্রাইভার / যানবাহন অপারেটর
774,High-Volt Electrician,608,Electrician,ইলেকট্রিশিয়ান
775,Horticulture Supervisor,609,Agriculture,কৃষি কর্মী
776,Hotel Boy,610,Hotel and Tourism Worker,হোটেল ও পর্যটন কর্মী
777,Industrial,613,Factory & Manufacturing Worker,কারখানা ও উৎপাদন কর্মী
778,Industry Equipment Technician,614,Technician & Maintenance Worker,টেকনিশিয়ান ও রক্ষণাবেক্ষণ কর্মী
779,Infections Disease Specialist,615,Doctor & Healthcare Worker,ডাক্তার ও স্বাস্থ্যকর্মী
780,Information Technology Engineer,616,IT,তথ্যপ্রযুক্তি (আইটি) কর্মী
781,Injection Technician,617,Factory & Manufacturing Worker,কারখানা ও উৎপাদন কর্মী
782,Insect Specialist,618,Scientist & Researcher,বিজ্ঞানী ও গবেষক
783,Insects Specialist,618,Scientist & Researcher,বিজ্ঞানী ও গবেষক
784,Lift & Escalator Installer,619,Technician & Maintenance Worker,টেকনিশিয়ান ও রক্ষণাবেক্ষণ কর্মী
785,Pipe Installer,619,Plumber,প্লাম্বার
786,Installer,619,Carpenter,কাঠমিস্ত্রি
787,Instructor,620,Teacher,শিক্ষক
788,Insulator,621,Refrigeration & Air-conditioning,রেফ্রিজারেশন ও এয়ার কন্ডিশনিং
789,Composite Special Insulation Materials,621,Construction Worker,নির্মাণ শ্রমিক
790,Technical Intern Training,622,Teacher,শিক্ষক
791,Internist,622,Doctor & Healthcare Worker,ডাক্তার ও স্বাস্থ্যকর্মী
792,Interphase iron pressing on pressing table,623,Textile Worker,টেক্সটাইল কর্মী
793,Interpreter,624,Others,অন্যান্য
794,Irrigation Technician,625,Agriculture,কৃষি কর্মী
795,Janitress,626,Cleaner,পরিচ্ছন্নতা কর্মী
796,Jewlery Maker,627,Craftsman,কারুশিল্পী
797,Kansai Machine Operator,628,Factory & Manufacturing Worker,কারখানা ও উৎপাদন কর্মী
798,Laboratory Assistant,629,Technician & Maintenance Worker,টেকনিশিয়ান ও রক্ষণাবেক্ষণ কর্মী
799,Ledger,630,Finance & Accounting,ফাইন্যান্স ও হিসাবরক্ষণ
800,Laminator,631,Technician & Maintenance Worker,টেকনিশিয়ান ও রক্ষণাবেক্ষণ কর্মী
801,Landcsaping Technician,632,Agriculture,কৃষি কর্মী
802,Language Teacher,633,Teacher,শিক্ষক
803,Lathe Machine Operator,634,Factory & Manufacturing Worker,কারখানা ও উৎপাদন কর্মী
804,Laundry Manager,635,Management and Supervisory Role,ব্যবস্থাপনা ও তত্ত্বাবধায়ক পদ
805,Layer Man,636,Construction Worker,নির্মাণ শ্রমিক
806,Lead Chemist,637,Scientist & Researcher,বিজ্ঞানী ও গবেষক
807,Lead Maintenance Engineer,638,Engineer,প্রকৌশলী
808,Less Skilled Technician,639,Electrician,ইলেকট্রিশিয়ান
809,Lift Supervisor,640,Construction Worker,নির্মাণ শ্রমিক
810,Lineman,641,Electrician,ইলেকট্রিশিয়ান
811,Linking Operator (Female),642,Factory & Manufacturing Worker,কারখানা ও উৎপাদন কর্মী
812,Linking Operator (Male),643,Plumber,প্লাম্বার
813,Locksmith,644,Logistics,লজিস্টিকস
814,Lunch Delivery Staff,645,Logistics,লজিস্টিকস
815,M E Worker (Unskilled),646,Factory & Manufacturing Worker,কারখানা ও উৎপাদন কর্মী
816,M E Worker(Skilled),647,Electrician,ইলেকট্রিশিয়ান
817,MEP Coordinator,648,Plumber,প্লাম্বার
818,Machine Operator(Female),649,Factory & Manufacturing Worker,কারখানা ও উৎপাদন কর্মী
819,Machine Technician,650,Technician & Maintenance Worker,টেকনিশিয়ান ও রক্ষণাবেক্ষণ কর্মী
820,Machinist,651,Technician & Maintenance Worker,টেকনিশিয়ান ও রক্ষণাবেক্ষণ কর্মী
821,Machinist Flatlock,652,Welder and fabricator,ওয়েল্ডার ও ফ্যাব্রিকেটর
822,Machinist Interlock,653,Technician & Maintenance Worker,টেকনিশিয়ান ও রক্ষণাবেক্ষণ কর্মী
823,Maintenance and System Support,654,Technician & Maintenance Worker,টেকনিশিয়ান ও রক্ষণাবেক্ষণ কর্মী
824,Maintenance Planning Assistant,655,Management and Supervisory Role,ব্যবস্থাপনা ও তত্ত্বাবধায়ক পদ
825,Maintenance Technicians,656,Electrician,ইলেকট্রিশিয়ান
826,Male Security(A-Grade),657,Security Worker,নিরাপত্তা কর্মী
827,Male Teacher(Physics),658,Teacher,শিক্ষক
828,Male teacher(Biology),659,Teacher,শিক্ষক
829,Management Information System,660,Management and Supervisory Role,ব্যবস্থাপনা ও তত্ত্বাবধায়ক পদ
830,Information Technology Manager,660,IT,তথ্যপ্রযুক্তি (আইটি) কর্মী
831,Training Manager,661,Teacher,শিক্ষক
832,Purchasing Manager,661,Warehouse and Store Worker,গুদাম ও স্টোর কর্মী
833,Admin Manager,661,Management and Supervisory Role,ব্যবস্থাপনা ও তত্ত্বাবধায়ক পদ
834,Administration Manager,661,Management and Supervisory Role,ব্যবস্থাপনা ও তত্ত্বাবধায়ক পদ
835,Company/Factory Manager,661,Management and Supervisory Role,ব্যবস্থাপনা ও তত্ত্বাবধায়ক পদ
836,Contracts Manager,661,Management and Supervisory Role,ব্যবস্থাপনা ও তত্ত্বাবধায়ক পদ
837,Executive Manager,661,Management and Supervisory Role,ব্যবস্থাপনা ও তত্ত্বাবধায়ক পদ
838,Maintenance Manager,661,Management and Supervisory Role,ব্যবস্থাপনা ও তত্ত্বাবধায়ক পদ
839,Manager,661,Management and Supervisory Role,ব্যবস্থাপনা ও তত্ত্বাবধায়ক পদ
840,Policy and Planning Manager,661,Management and Supervisory Role,ব্যবস্থাপনা ও তত্ত্বাবধায়ক পদ
841,Retail Store Manager,661,Management and Supervisory Role,ব্যবস্থাপনা ও তত্ত্বাবধায়ক পদ
842,Store Manager,661,Management and Supervisory Role,ব্যবস্থাপনা ও তত্ত্বাবধায়ক পদ
843,Technical Manager,661,Management and Supervisory Role,ব্যবস্থাপনা ও তত্ত্বাবধায়ক পদ
844,Transportation Manager,661,Management and Supervisory Role,ব্যবস্থাপনা ও তত্ত্বাবধায়ক পদ
845,Logistics Manager,661,Logistics,লজিস্টিকস
846,Hotel Manager,661,Hotel and Tourism Worker,হোটেল ও পর্যটন কর্মী
847,Accounts Manager,661,Finance & Accounting,ফাইন্যান্স ও হিসাবরক্ষণ
848,Finance manager,661,Finance & Accounting,ফাইন্যান্স ও হিসাবরক্ষণ
849,Insurance Manager,661,Finance & Accounting,ফাইন্যান্স ও হিসাবরক্ষণ
850,INTERNAL AUDITING MANAGER,661,Finance & Accounting,ফাইন্যান্স ও হিসাবরক্ষণ
851,Plant Manager,661,Engineer,প্রকৌশলী
852,Transport bike operator,661,Driver/Vehicle Operator,ড্রাইভার / যানবাহন অপারেটর
853,Kitchen Manager,661,Cook/Chef,রাঁধুনি / শেফ
854,Restaurant Manager,661,Cook/Chef,রাঁধুনি / শেফ
855,Manicurist,662,Barber & Beautician,নাপিত ও বিউটিশিয়ান
856,Manufacturing,663,Factory & Manufacturing Worker,কারখানা ও উৎপাদন কর্মী
857,Manufacturing Officer,663,Factory & Manufacturing Worker,কারখানা ও উৎপাদন কর্মী
858,Marable Mason,664,Mason,রাজমিস্ত্রি
859,Marble Technician,665,Construction Worker,নির্মাণ শ্রমিক
860,Markers,666,Salesperson,বিক্রয়কর্মী
861,Digital Marketing Executive,667,Management and Supervisory Role,ব্যবস্থাপনা ও তত্ত্বাবধায়ক পদ
862,Marketing Executive/Marketing Manager,667,Management and Supervisory Role,ব্যবস্থাপনা ও তত্ত্বাবধায়ক পদ
863,Mason (Charge Hand),668,Mason,রাজমিস্ত্রি
864,Mason(Breacks),669,Mason,রাজমিস্ত্রি
865,Mason(Mixer),670,Mason,রাজমিস্ত্রি
866,Mason(Plaster/Block),671,Mason,রাজমিস্ত্রি
867,Mason(Roof Insulation),672,Mason,রাজমিস্ত্রি
868,Material Assistant,673,Management and Supervisory Role,ব্যবস্থাপনা ও তত্ত্বাবধায়ক পদ
869,Material Controller,674,Logistics,লজিস্টিকস
870,Material Dump Truck Transport,675,Driver/Vehicle Operator,ড্রাইভার / যানবাহন অপারেটর
871,Math Teacher,676,Teacher,শিক্ষক
872,Matrix Designing Technician,677,Technician & Maintenance Worker,টেকনিশিয়ান ও রক্ষণাবেক্ষণ কর্মী
873,Matrix Technician,678,Technician & Maintenance Worker,টেকনিশিয়ান ও রক্ষণাবেক্ষণ কর্মী
874,Mechanic Stationary Grade-A,679,Technician & Maintenance Worker,টেকনিশিয়ান ও রক্ষণাবেক্ষণ কর্মী
875,Mechanic Stationary Grade-B,680,Technician & Maintenance Worker,টেকনিশিয়ান ও রক্ষণাবেক্ষণ কর্মী
876,Mechanical Supervisor,681,Technician & Maintenance Worker,টেকনিশিয়ান ও রক্ষণাবেক্ষণ কর্মী
877,Mechanical Technician(Amonia Storage),682,Technician & Maintenance Worker,টেকনিশিয়ান ও রক্ষণাবেক্ষণ কর্মী
878,Mechanical Technician(Amonia),683,Technician & Maintenance Worker,টেকনিশিয়ান ও রক্ষণাবেক্ষণ কর্মী
879,Mechanical Technician(Compressor),684,Technician & Maintenance Worker,টেকনিশিয়ান ও রক্ষণাবেক্ষণ কর্মী
880,Mechanical Technician(Maintenance),685,Technician & Maintenance Worker,টেকনিশিয়ান ও রক্ষণাবেক্ষণ কর্মী
881,Mechanical Technician(Material),686,Technician & Maintenance Worker,টেকনিশিয়ান ও রক্ষণাবেক্ষণ কর্মী
882,Mechanical Technician(Workshop),687,Technician & Maintenance Worker,টেকনিশিয়ান ও রক্ষণাবেক্ষণ কর্মী
883,Mechanics,688,Technician & Maintenance Worker,টেকনিশিয়ান ও রক্ষণাবেক্ষণ কর্মী
884,Mechanist Grade-A,689,Technician & Maintenance Worker,টেকনিশিয়ান ও রক্ষণাবেক্ষণ কর্মী
885,Mechanist Grade-B,690,Technician & Maintenance Worker,টেকনিশিয়ান ও রক্ষণাবেক্ষণ কর্মী
886,Medics,691,Doctor & Healthcare Worker,ডাক্তার ও স্বাস্থ্যকর্মী
887,Mess Attendent,692,Management and Supervisory Role,ব্যবস্থাপনা ও তত্ত্বাবধায়ক পদ
888,Metal Board Fixer,693,Carpenter,কাঠমিস্ত্রি
889,Metal Door Fixer,694,Carpenter,কাঠমিস্ত্রি
890,Metal Melters Reheater,695,Scaffolding and Metal Worker,স্ক্যাফোল্ডিং ও মেটাল কর্মী
891,Metal Stamping,696,Scaffolding and Metal Worker,স্ক্যাফোল্ডিং ও মেটাল কর্মী
892,Metallurgical Engineering,697,Engineer,প্রকৌশলী
893,Microbiology,698,Scientist & Researcher,বিজ্ঞানী ও গবেষক
894,Mid Wife,699,Doctor & Healthcare Worker,ডাক্তার ও স্বাস্থ্যকর্মী
895,Milker,700,Agriculture,কৃষি কর্মী
896,Millwright,701,Technician & Maintenance Worker,টেকনিশিয়ান ও রক্ষণাবেক্ষণ কর্মী
897,Mixer Man,702,Construction Worker,নির্মাণ শ্রমিক
898,Raw Material Handler,703,General worker,সাধারণ শ্রমিক
899,Mixing Raw Material Technician,703,Cleaner,পরিচ্ছন্নতা কর্মী
900,Moulder,704,Construction Worker,নির্মাণ শ্রমিক
901,Moulding maker,705,Construction Worker,নির্মাণ শ্রমিক
902,NEO Specialist,706,Doctor & Healthcare Worker,ডাক্তার ও স্বাস্থ্যকর্মী
903,Neurologist,707,Doctor & Healthcare Worker,ডাক্তার ও স্বাস্থ্যকর্মী
904,Network Administration,708,IT,তথ্যপ্রযুক্তি (আইটি) কর্মী
905,Nurse(Female),709,Nurse,নার্স
906,Occupational Safety Technician,710,Technician & Maintenance Worker,টেকনিশিয়ান ও রক্ষণাবেক্ষণ কর্মী
907,Office Automation Technicians,711,Technician & Maintenance Worker,টেকনিশিয়ান ও রক্ষণাবেক্ষণ কর্মী
908,Office Engineer,712,Engineer,প্রকৌশলী
909,Commercial Officer,713,Management and Supervisory Role,ব্যবস্থাপনা ও তত্ত্বাবধায়ক পদ
910,HR Officer,713,Management and Supervisory Role,ব্যবস্থাপনা ও তত্ত্বাবধায়ক পদ
911,Office Manger,713,Management and Supervisory Role,ব্যবস্থাপনা ও তত্ত্বাবধায়ক পদ
912,Officer,713,Management and Supervisory Role,ব্যবস্থাপনা ও তত্ত্বাবধায়ক পদ
913,Operations Officer,713,Management and Supervisory Role,ব্যবস্থাপনা ও তত্ত্বাবধায়ক পদ
914,Oil Salesman,714,Salesperson,বিক্রয়কর্মী
915,Operation Manager,715,Management and Supervisory Role,ব্যবস্থাপনা ও তত্ত্বাবধায়ক পদ
916,Operation Technician,716,Technician & Maintenance Worker,টেকনিশিয়ান ও রক্ষণাবেক্ষণ কর্মী
917,"Operation executed with sew and cut Machines(collar,margins,flaps)",717,Textile Worker,টেক্সটাইল কর্মী
918,Operations executed with simple linear machines,718,Textile Worker,টেক্সটাইল কর্মী
919,Operator,719,Factory & Manufacturing Worker,কারখানা ও উৎপাদন কর্মী
920,Power Lines Operator,719,Electrician,ইলেকট্রিশিয়ান
921,Crusher Operator,719,Driver/Vehicle Operator,ড্রাইভার / যানবাহন অপারেটর
922,Pile Driver Operator,719,Driver/Vehicle Operator,ড্রাইভার / যানবাহন অপারেটর
923,Mobile PestÂ SprayingÂ EquipmentÂ Operator,719,Agriculture,কৃষি কর্মী
924,Ophthalmologist,720,Doctor & Healthcare Worker,ডাক্তার ও স্বাস্থ্যকর্মী
925,Orchard Solding,721,Agriculture,কৃষি কর্মী
926,Orderly(CSU),722,Doctor & Healthcare Worker,ডাক্তার ও স্বাস্থ্যকর্মী
927,Orderly(Med),723,Doctor & Healthcare Worker,ডাক্তার ও স্বাস্থ্যকর্মী
928,Orthopedics,724,Doctor & Healthcare Worker,ডাক্তার ও স্বাস্থ্যকর্মী
929,Oven Operator,726,Cook/Chef,রাঁধুনি / শেফ
930,Overlock Machine Operator,727,Cook/Chef,রাঁধুনি / শেফ
931,Packing the shelves worker,728,Warehouse and Store Worker,গুদাম ও স্টোর কর্মী
932,Packing Executive,728,Logistics,লজিস্টিকস
933,Packing Technician,728,Factory & Manufacturing Worker,কারখানা ও উৎপাদন কর্মী
934,Paper And Board Maker,729,Factory & Manufacturing Worker,কারখানা ও উৎপাদন কর্মী
935,Pastry Maker,730,Cook/Chef,রাঁধুনি / শেফ
936,Pathologist,731,Doctor & Healthcare Worker,ডাক্তার ও স্বাস্থ্যকর্মী
937,Patrolling Security(With valid UAE Driving License),732,Security Worker,নিরাপত্তা কর্মী
938,Pattern Maker,733,Textile Worker,টেক্সটাইল কর্মী
939,Pediatrician,734,Doctor & Healthcare Worker,ডাক্তার ও স্বাস্থ্যকর্মী
940,Performance Engineer,735,Engineer,প্রকৌশলী
941,Technician pest control,736,Technician & Maintenance Worker,টেকনিশিয়ান ও রক্ষণাবেক্ষণ কর্মী
942,Pest Control,736,Agriculture,কৃষি কর্মী
943,Pest ControlÂ Worker,736,Agriculture,কৃষি কর্মী
944,Pesticide Controller,736,Agriculture,কৃষি কর্মী
945,Pastry Chief,737,Cook/Chef,রাঁধুনি / শেফ
946,Petrol Engine Mechanic,739,Technician & Maintenance Worker,টেকনিশিয়ান ও রক্ষণাবেক্ষণ কর্মী
947,Photographer,740,Media / Entertainment,মিডিয়া / বিনোদন
948,Physics Teacher,741,Teacher,শিক্ষক
949,Physiotherapist,742,Doctor & Healthcare Worker,ডাক্তার ও স্বাস্থ্যকর্মী
950,Piling Hand,743,Construction Worker,নির্মাণ শ্রমিক
951,Pipe Fitter,744,Plumber,প্লাম্বার
952,Planner,745,Management and Supervisory Role,ব্যবস্থাপনা ও তত্ত্বাবধায়ক পদ
953,Planning Engineer,746,Management and Supervisory Role,ব্যবস্থাপনা ও তত্ত্বাবধায়ক পদ
954,Planter,747,Agriculture,কৃষি কর্মী
955,Gypsum Worker,748,Factory & Manufacturing Worker,কারখানা ও উৎপাদন কর্মী
956,Plaster,748,Construction Worker,নির্মাণ শ্রমিক
957,Plaster Mason,749,Construction Worker,নির্মাণ শ্রমিক
958,Plastic Machine Operator,750,Factory & Manufacturing Worker,কারখানা ও উৎপাদন কর্মী
959,Plater,751,Factory & Manufacturing Worker,কারখানা ও উৎপাদন কর্মী
960,Plating Team Leader,752,Factory & Manufacturing Worker,কারখানা ও উৎপাদন কর্মী
961,Playing Technician,753,Technician & Maintenance Worker,টেকনিশিয়ান ও রক্ষণাবেক্ষণ কর্মী
962,Plumbing Foreman,754,Plumber,প্লাম্বার
963,Pluming Serviceman,755,Plumber,প্লাম্বার
964,Poultry Breeder,758,Agriculture,কৃষি কর্মী
965,Poultry Man,758,Agriculture,কৃষি কর্মী
966,Power Station Technician,759,Technician & Maintenance Worker,টেকনিশিয়ান ও রক্ষণাবেক্ষণ কর্মী
967,Power Cable Connector,759,Electrician,ইলেকট্রিশিয়ান
968,Practitioners F,760,Management and Supervisory Role,ব্যবস্থাপনা ও তত্ত্বাবধায়ক পদ
969,Practitioners M,761,Management and Supervisory Role,ব্যবস্থাপনা ও তত্ত্বাবধায়ক পদ
970,Pressing,762,Textile Worker,টেক্সটাইল কর্মী
971,Pressing zone chef in charge,763,Textile Worker,টেক্সটাইল কর্মী
972,Process Operator (Ammonia),764,Factory & Manufacturing Worker,কারখানা ও উৎপাদন কর্মী
973,Process Technician,765,Technician & Maintenance Worker,টেকনিশিয়ান ও রক্ষণাবেক্ষণ কর্মী
974,Process Maintenance and ConstructionÂ Worker,765,Construction Worker,নির্মাণ শ্রমিক
975,Production Operator,766,Technician & Maintenance Worker,টেকনিশিয়ান ও রক্ষণাবেক্ষণ কর্মী
976,Production Operator (Male),767,Factory & Manufacturing Worker,কারখানা ও উৎপাদন কর্মী
977,Products Qualify Control Engineer,768,Management and Supervisory Role,ব্যবস্থাপনা ও তত্ত্বাবধায়ক পদ
978,Professional Body Governing,769,Management and Supervisory Role,ব্যবস্থাপনা ও তত্ত্বাবধায়ক পদ
979,Program Officer,770,Management and Supervisory Role,ব্যবস্থাপনা ও তত্ত্বাবধায়ক পদ
980,Programmer,771,Engineer,প্রকৌশলী
981,Public Relation Officer,772,Management and Supervisory Role,ব্যবস্থাপনা ও তত্ত্বাবধায়ক পদ
982,Pump Operator,773,Fuel Filling Station Worker,ফুয়েল স্টেশন কর্মী
983,Pumps Technician,774,Fuel Filling Station Worker,ফুয়েল স্টেশন কর্মী
984,Purchase Assistant,775,Warehouse and Store Worker,গুদাম ও স্টোর কর্মী
985,Purchasing Representative,775,Warehouse and Store Worker,গুদাম ও স্টোর কর্মী
986,Purchase Manager,776,Warehouse and Store Worker,গুদাম ও স্টোর কর্মী
987,Purchaser,776,Warehouse and Store Worker,গুদাম ও স্টোর কর্মী
988,QA/QC Engineer,777,Engineer,প্রকৌশলী
989,QA/QC Inspector,778,Quality Control Professional,কোয়ালিটি কন্ট্রোল কর্মী
990,Quality Checker,779,Quality Control Professional,কোয়ালিটি কন্ট্রোল কর্মী
991,Checker(QA),779,Factory & Manufacturing Worker,কারখানা ও উৎপাদন কর্মী
992,Quality Control,780,Quality Control Professional,কোয়ালিটি কন্ট্রোল কর্মী
993,Quality Control Manager,780,Quality Control Professional,কোয়ালিটি কন্ট্রোল কর্মী
994,Quality Controller,780,Quality Control Professional,কোয়ালিটি কন্ট্রোল কর্মী
995,Quantity Surveyor,781,Construction Worker,নির্মাণ শ্রমিক
996,RO Plant Technician,782,Technician & Maintenance Worker,টেকনিশিয়ান ও রক্ষণাবেক্ষণ কর্মী
997,Radiologist,783,Doctor & Healthcare Worker,ডাক্তার ও স্বাস্থ্যকর্মী
998,Reinforcing,784,Construction Worker,নির্মাণ শ্রমিক
999,Rebar Worker,785,Construction Worker,নির্মাণ শ্রমিক
1000,Rebar,786,Construction Worker,নির্মাণ শ্রমিক
1001,Recreation Tutor,787,Teacher,শিক্ষক
1002,Refrigeration Engineer,788,Refrigeration & Air-conditioning,রেফ্রিজারেশন ও এয়ার কন্ডিশনিং
1003,Repairer,789,Automobile Worker,অটোমোবাইল কর্মী
1004,Representitive,790,Salesperson,বিক্রয়কর্মী
1005,Respiratory Technician,791,Nurse,নার্স
1006,Rider,792,Driver/Vehicle Operator,ড্রাইভার / যানবাহন অপারেটর
1007,Rigger,793,Construction Worker,নির্মাণ শ্রমিক
1008,Rigger Grade-A,794,Construction Worker,নির্মাণ শ্রমিক
1009,Rigger Grade-B,795,Construction Worker,নির্মাণ শ্রমিক
1010,Rigger Team Leader,796,Construction Worker,নির্মাণ শ্রমিক
1011,Rivet and Button Operator,797,Construction Worker,নির্মাণ শ্রমিক
1012,Road Equipment Driver,798,Driver/Vehicle Operator,ড্রাইভার / যানবাহন অপারেটর
1013,Road Equipment Technician,799,Technician & Maintenance Worker,টেকনিশিয়ান ও রক্ষণাবেক্ষণ কর্মী
1014,Road Paving,800,Construction Worker,নির্মাণ শ্রমিক
1015,Roller Operator,801,Driver/Vehicle Operator,ড্রাইভার / যানবাহন অপারেটর
1016,Room Boy,802,Hotel and Tourism Worker,হোটেল ও পর্যটন কর্মী
1017,Rotating Mechanic Grade-A,803,Technician & Maintenance Worker,টেকনিশিয়ান ও রক্ষণাবেক্ষণ কর্মী
1018,Rotating Mechanic Grade-B,804,Technician & Maintenance Worker,টেকনিশিয়ান ও রক্ষণাবেক্ষণ কর্মী
1019,Construction Carpenter,805,Carpenter,কাঠমিস্ত্রি
1020,Rough Carpenter,805,Carpenter,কাঠমিস্ত্রি
1021,Safety Controller,806,Security Worker,নিরাপত্তা কর্মী
1022,Safety Engineer,807,Engineer,প্রকৌশলী
1023,Sample Maker Polyvalent,808,Engineer,প্রকৌশলী
1024,Sandblaster,809,Cleaner,পরিচ্ছন্নতা কর্মী
1025,Scaffolder Grade-A,810,Scaffolding and Metal Worker,স্ক্যাফোল্ডিং ও মেটাল কর্মী
1026,Scaffolder Grade-B,811,Scaffolding and Metal Worker,স্ক্যাফোল্ডিং ও মেটাল কর্মী
1027,Scarf Folder,812,Construction Worker,নির্মাণ শ্রমিক
1028,Scassolder,813,Construction Worker,নির্মাণ শ্রমিক
1029,Schedular,814,Management and Supervisory Role,ব্যবস্থাপনা ও তত্ত্বাবধায়ক পদ
1030,Scientist,815,Scientist & Researcher,বিজ্ঞানী ও গবেষক
1031,Company Secretary,816,Management and Supervisory Role,ব্যবস্থাপনা ও তত্ত্বাবধায়ক পদ
1032,Secretary,816,Management and Supervisory Role,ব্যবস্থাপনা ও তত্ত্বাবধায়ক পদ
1033,Semi Skilled Technician,818,Technician & Maintenance Worker,টেকনিশিয়ান ও রক্ষণাবেক্ষণ কর্মী
1034,Senior Engineer,819,Engineer,প্রকৌশলী
1035,Senior Maint. Technicians,820,Technician & Maintenance Worker,টেকনিশিয়ান ও রক্ষণাবেক্ষণ কর্মী
1036,Senior QA Inspector,821,Management and Supervisory Role,ব্যবস্থাপনা ও তত্ত্বাবধায়ক পদ
1037,Senior Seaman,822,Shipping Work,শিপিং কাজ
1038,Technical Assistant,823,Technician & Maintenance Worker,টেকনিশিয়ান ও রক্ষণাবেক্ষণ কর্মী
1039,Shop Assistant,823,Warehouse and Store Worker,গুদাম ও স্টোর কর্মী
1040,Service Assistant,823,Others,অন্যান্য
1041,Health Care Assistant,823,Nurse,নার্স
1042,Personal Assistant,823,Management and Supervisory Role,ব্যবস্থাপনা ও তত্ত্বাবধায়ক পদ
1043,Service Management Specialist,823,Management and Supervisory Role,ব্যবস্থাপনা ও তত্ত্বাবধায়ক পদ
1044,Service Assistant,823,House Keeper,হাউসকিপার
1045,Stitching Machine Operator,824,Welder and fabricator,ওয়েল্ডার ও ফ্যাব্রিকেটর
1046,Sewer,824,Textile Worker,টেক্সটাইল কর্মী
1047,Sewing Operator(Female),825,Welder and fabricator,ওয়েল্ডার ও ফ্যাব্রিকেটর
1048,Sewing line chef in charge,826,Welder and fabricator,ওয়েল্ডার ও ফ্যাব্রিকেটর
1049,Sewing Specialist,826,Welder and fabricator,ওয়েল্ডার ও ফ্যাব্রিকেটর
1050,Sheet Metal Worker,827,Welder and fabricator,ওয়েল্ডার ও ফ্যাব্রিকেটর
1051,Metal Worker,827,Scaffolding and Metal Worker,স্ক্যাফোল্ডিং ও মেটাল কর্মী
1052,Shift Charge Engineer,828,Engineer,প্রকৌশলী
1053,Shift Chemist,829,Scientist & Researcher,বিজ্ঞানী ও গবেষক
1054,Ship Breaker,830,Scaffolding and Metal Worker,স্ক্যাফোল্ডিং ও মেটাল কর্মী
1055,Ship Building Engineer,831,Engineer,প্রকৌশলী
1056,Ship Out Fitting Supervisor,832,Management and Supervisory Role,ব্যবস্থাপনা ও তত্ত্বাবধায়ক পদ
1057,Shooter,833,General worker,সাধারণ শ্রমিক
1058,Shovel Operator,834,Driver/Vehicle Operator,ড্রাইভার / যানবাহন অপারেটর
1059,Siler Assistant,835,Warehouse and Store Worker,গুদাম ও স্টোর কর্মী
1060,Singer,837,Creative/Arts,সৃজনশীল / আর্ট
1061,Single Needle Operator,838,Welder and fabricator,ওয়েল্ডার ও ফ্যাব্রিকেটর
1062,Commercial Broker,839,Finance & Accounting,ফাইন্যান্স ও হিসাবরক্ষণ
1063,Site Agent,839,Construction Worker,নির্মাণ শ্রমিক
1064,Site Engineer,840,Engineer,প্রকৌশলী
1065,Skilled Labour,841,General worker,সাধারণ শ্রমিক
1066,Skimmers,842,Cleaner,পরিচ্ছন্নতা কর্মী
1067,Smith / Black Smith,843,Factory & Manufacturing Worker,কারখানা ও উৎপাদন কর্মী
1068,Software designer,845,Engineer,প্রকৌশলী
1069,Software Engineer,845,Engineer,প্রকৌশলী
1070,Sorter Operator,846,Driver/Vehicle Operator,ড্রাইভার / যানবাহন অপারেটর
1071,Staff,848,General worker,সাধারণ শ্রমিক
1072,Stagers,849,Creative/Arts,সৃজনশীল / আর্ট
1073,Staging Team Leader,850,Creative/Arts,সৃজনশীল / আর্ট
1074,Steam Presser,851,Textile Worker,টেক্সটাইল কর্মী
1075,Steel Fixer(unskilled),852,Scaffolding and Metal Worker,স্ক্যাফোল্ডিং ও মেটাল কর্মী
1076,Sterilization Technician,853,Cleaner,পরিচ্ছন্নতা কর্মী
1077,Steward,854,Hotel and Tourism Worker,হোটেল ও পর্যটন কর্মী
1078,Steward Captain,855,Management and Supervisory Role,ব্যবস্থাপনা ও তত্ত্বাবধায়ক পদ
1079,Still Structure Fabricator,856,Welder and fabricator,ওয়েল্ডার ও ফ্যাব্রিকেটর
1080,Stone Man,857,Mason,রাজমিস্ত্রি
1081,Stone Care Helper,858,Mason,রাজমিস্ত্রি
1082,Stone Worker,858,Mason,রাজমিস্ত্রি
1083,Structural Fabricators,859,Welder and fabricator,ওয়েল্ডার ও ফ্যাব্রিকেটর
1084,Studio Worker,861,Creative/Arts,সৃজনশীল / আর্ট
1085,Substation Supervisor,862,Management and Supervisory Role,ব্যবস্থাপনা ও তত্ত্বাবধায়ক পদ
1086,Substation Supervisor,862,Management and Supervisory Role,ব্যবস্থাপনা ও তত্ত্বাবধায়ক পদ
1087,Superintendent,863,Management and Supervisory Role,ব্যবস্থাপনা ও তত্ত্বাবধায়ক পদ
1088,Hostel Warden,863,Hotel and Tourism Worker,হোটেল ও পর্যটন কর্মী
1089,Sewing Supervisor,864,Welder and fabricator,ওয়েল্ডার ও ফ্যাব্রিকেটর
1090,Metal production process supervisor,864,Scaffolding and Metal Worker,স্ক্যাফোল্ডিং ও মেটাল কর্মী
1091,Quality Control Supervisor,864,Management and Supervisory Role,ব্যবস্থাপনা ও তত্ত্বাবধায়ক পদ
1092,Supervisor,864,Management and Supervisory Role,ব্যবস্থাপনা ও তত্ত্বাবধায়ক পদ
1093,Packing Supervisor,864,Factory & Manufacturing Worker,কারখানা ও উৎপাদন কর্মী
1094,Assistant Supervisor (Construction Trade),864,Construction Worker,নির্মাণ শ্রমিক
1095,Supervisor(Electrical),865,Electrician,ইলেকট্রিশিয়ান
1096,Supervisor(Female),866,Management and Supervisory Role,ব্যবস্থাপনা ও তত্ত্বাবধায়ক পদ
1097,Supervisor(Finishing),867,Management and Supervisory Role,ব্যবস্থাপনা ও তত্ত্বাবধায়ক পদ
1098,Supervisor(Instrument),868,Technician & Maintenance Worker,টেকনিশিয়ান ও রক্ষণাবেক্ষণ কর্মী
1099,Office Supervisor,869,Management and Supervisory Role,ব্যবস্থাপনা ও তত্ত্বাবধায়ক পদ
1100,Supervisor(Operation),869,Management and Supervisory Role,ব্যবস্থাপনা ও তত্ত্বাবধায়ক পদ
1101,Supervisor(Planning),870,Management and Supervisory Role,ব্যবস্থাপনা ও তত্ত্বাবধায়ক পদ
1102,Supervisor(Store),871,Warehouse and Store Worker,গুদাম ও স্টোর কর্মী
1103,Sales Supervisor,871,Salesperson,বিক্রয়কর্মী
1104,Civil Supervisor,872,Construction Worker,নির্মাণ শ্রমিক
1105,Supervisor(civil),872,Construction Worker,নির্মাণ শ্রমিক
1106,Supplier(Building Material),873,Salesperson,বিক্রয়কর্মী
1107,Swarma Maker,874,Cook/Chef,রাঁধুনি / শেফ
1108,Surveyor,875,Management and Supervisory Role,ব্যবস্থাপনা ও তত্ত্বাবধায়ক পদ
1109,Electrical Surveyor,875,Electrician,ইলেকট্রিশিয়ান
1110,Swash Chef,876,Cook/Chef,রাঁধুনি / শেফ
1111,Swing Line Helper(Female),879,Welder and fabricator,ওয়েল্ডার ও ফ্যাব্রিকেটর
1112,Systems Analyst,880,Engineer,প্রকৌশলী
1113,Systems Designer,881,Engineer,প্রকৌশলী
1114,T/T Erector,882,Telecommunication,টেলিযোগাযোগ
1115,T/T Lineman,883,Telecommunication,টেলিযোগাযোগ
1116,Technician Copper,884,Technician & Maintenance Worker,টেকনিশিয়ান ও রক্ষণাবেক্ষণ কর্মী
1117,TT Sorter,885,Factory & Manufacturing Worker,কারখানা ও উৎপাদন কর্মী
1118,TTE F/M,886,Telecommunication,টেলিযোগাযোগ
1119,TTL F/M,887,Telecommunication,টেলিযোগাযোগ
1120,Tamer,888,Agriculture,কৃষি কর্মী
1121,Tank Truck Transport,889,Driver/Vehicle Operator,ড্রাইভার / যানবাহন অপারেটর
1122,Tannery Operation,890,Factory & Manufacturing Worker,কারখানা ও উৎপাদন কর্মী
1123,Tea Boy,891,Hotel and Tourism Worker,হোটেল ও পর্যটন কর্মী
1124,Technician,892,Technician & Maintenance Worker,টেকনিশিয়ান ও রক্ষণাবেক্ষণ কর্মী
1125,Technical Executive,892,Management and Supervisory Role,ব্যবস্থাপনা ও তত্ত্বাবধায়ক পদ
1126,Product Quality Control Technician,892,Factory & Manufacturing Worker,কারখানা ও উৎপাদন কর্মী
1127,Lighting Technician,892,Electrician,ইলেকট্রিশিয়ান
1128,Technician Helper,893,Technician & Maintenance Worker,টেকনিশিয়ান ও রক্ষণাবেক্ষণ কর্মী
1129,Technician(female),894,Technician & Maintenance Worker,টেকনিশিয়ান ও রক্ষণাবেক্ষণ কর্মী
1130,Telecom Labour,895,Telecommunication,টেলিযোগাযোগ
1131,Telecom Technician,895,Telecommunication,টেলিযোগাযোগ
1132,Telecommunication Assistant,895,Telecommunication,টেলিযোগাযোগ
1133,Telecommunication Clerk,895,Telecommunication,টেলিযোগাযোগ
1134,Telephone Line Man,896,Telecommunication,টেলিযোগাযোগ
1135,Thermal Treatments Technician,897,Refrigeration & Air-conditioning,রেফ্রিজারেশন ও এয়ার কন্ডিশনিং
1136,Tiles Marble,899,Construction Worker,নির্মাণ শ্রমিক
1137,Tiles Ceramic,900,Construction Worker,নির্মাণ শ্রমিক
1138,Tinker,901,Scaffolding and Metal Worker,স্ক্যাফোল্ডিং ও মেটাল কর্মী
1139,Trades Foreman,902,Construction Worker,নির্মাণ শ্রমিক
1140,Tradesman,902,Construction Worker,নির্মাণ শ্রমিক
1141,Training Engineer,903,Engineer,প্রকৌশলী
1142,Transf. Equip. Technician,904,Technician & Maintenance Worker,টেকনিশিয়ান ও রক্ষণাবেক্ষণ কর্মী
1143,Tree Climber,905,Agriculture,কৃষি কর্মী
1144,Tundory Maker,906,Cook/Chef,রাঁধুনি / শেফ
1145,Turner,907,Factory & Manufacturing Worker,কারখানা ও উৎপাদন কর্মী
1146,Tyre Man,908,Automobile Worker,অটোমোবাইল কর্মী
1147,Ultrasound(male),909,Doctor & Healthcare Worker,ডাক্তার ও স্বাস্থ্যকর্মী
1148,Upholsterer,910,Welder and fabricator,ওয়েল্ডার ও ফ্যাব্রিকেটর
1149,Urine Surgery Specialist,911,Doctor & Healthcare Worker,ডাক্তার ও স্বাস্থ্যকর্মী
1150,Waitress,912,Cook/Chef,রাঁধুনি / শেফ
1151,Ward Boy,913,Nurse,নার্স
1152,Curtain washer,914,Cleaner,পরিচ্ছন্নতা কর্মী
1153,Mobile Vehicle Washing Worker,914,Cleaner,পরিচ্ছন্নতা কর্মী
1154,Roofs Cleaner,914,Cleaner,পরিচ্ছন্নতা কর্মী
1155,Washer,914,Cleaner,পরিচ্ছন্নতা কর্মী
1156,Truck Washer,915,Cleaner,পরিচ্ছন্নতা কর্মী
1157,Washers,915,Cleaner,পরিচ্ছন্নতা কর্মী
1158,Watchman,916,Security Worker,নিরাপত্তা কর্মী
1159,Water Purifying Chemist,917,Scientist & Researcher,বিজ্ঞানী ও গবেষক
1160,Water Treatment Operator,918,Technician & Maintenance Worker,টেকনিশিয়ান ও রক্ষণাবেক্ষণ কর্মী
1161,Water Tanks Cleaner,919,Cleaner,পরিচ্ছন্নতা কর্মী
1162,Welder Grade-A,920,Welder and fabricator,ওয়েল্ডার ও ফ্যাব্রিকেটর
1163,Welder Grade-B,921,Welder and fabricator,ওয়েল্ডার ও ফ্যাব্রিকেটর
1164,Welding Foreman,922,Welder and fabricator,ওয়েল্ডার ও ফ্যাব্রিকেটর
1165,Welding Supervisor,923,Welder and fabricator,ওয়েল্ডার ও ফ্যাব্রিকেটর
1166,Wheel Loader Driver,924,Driver/Vehicle Operator,ড্রাইভার / যানবাহন অপারেটর
1167,Winders Operator (Male),925,Factory & Manufacturing Worker,কারখানা ও উৎপাদন কর্মী
1168,Wood Designer,926,Carpenter,কাঠমিস্ত্রি
1169,Manual Or Mechanical Sewing Worker,927,Welder and fabricator,ওয়েল্ডার ও ফ্যাব্রিকেটর
1170,Shelving Worker,927,Warehouse and Store Worker,গুদাম ও স্টোর কর্মী
1171,Hand Sewer,927,Textile Worker,টেক্সটাইল কর্মী
1172,Looping Worker,927,Textile Worker,টেক্সটাইল কর্মী
1173,Carrier,927,Others,অন্যান্য
1174,Conservancy Worker,927,Others,অন্যান্য
1175,Upload and Download Worker,927,IT,তথ্যপ্রযুক্তি (আইটি) কর্মী
1176,Support worker,927,House Keeper,হাউসকিপার
1177,General Worker,927,General worker,সাধারণ শ্রমিক
1178,Personal Worker,927,General worker,সাধারণ শ্রমিক
1179,Unique occupation worker,927,General worker,সাধারণ শ্রমিক
1180,Cardboard Assembly Worker,927,Factory & Manufacturing Worker,কারখানা ও উৎপাদন কর্মী
1181,Graves worker,927,Factory & Manufacturing Worker,কারখানা ও উৎপাদন কর্মী
1182,Labeling worker,927,Factory & Manufacturing Worker,কারখানা ও উৎপাদন কর্মী
1183,Packaging Worker,927,Factory & Manufacturing Worker,কারখানা ও উৎপাদন কর্মী
1184,Packing and Wraping Worker,927,Factory & Manufacturing Worker,কারখানা ও উৎপাদন কর্মী
1185,Print Binding & Finishing Worker,927,Factory & Manufacturing Worker,কারখানা ও উৎপাদন কর্মী
1186,Product Sorting Worker,927,Factory & Manufacturing Worker,কারখানা ও উৎপাদন কর্মী
1187,Worker,927,Factory & Manufacturing Worker,কারখানা ও উৎপাদন কর্মী
1188,Transport Workers,927,Driver/Vehicle Operator,ড্রাইভার / যানবাহন অপারেটর
1189,Vegetable and Fruits Packaging and Packing,927,Cook/Chef,রাঁধুনি / শেফ
1190,Asphalting Worker,927,Construction Worker,নির্মাণ শ্রমিক
1191,Building Maintenance Worker,927,Construction Worker,নির্মাণ শ্রমিক
1192,Demolishing Worker,927,Construction Worker,নির্মাণ শ্রমিক
1193,Drilling worker,927,Construction Worker,নির্মাণ শ্রমিক
1194,Reclamation Worker,927,Construction Worker,নির্মাণ শ্রমিক
1195,Wheelbarrow worker,927,Construction Worker,নির্মাণ শ্রমিক
1196,Childcare Worker,927,Caregiver,কেয়ারগিভার
1197,Agriculture Worker,927,Agriculture,কৃষি কর্মী
1198,Animal farm Worker,927,Agriculture,কৃষি কর্মী
1199,Farm Worker,927,Agriculture,কৃষি কর্মী
1200,Fish Farm Worker,927,Agriculture,কৃষি কর্মী
1201,Garden Clean Worker,927,Agriculture,কৃষি কর্মী
1202,Landscape Maintenance Worker,927,Agriculture,কৃষি কর্মী
1203,Livestock's Worker,927,Agriculture,কৃষি কর্মী
1204,Oil Palm Plantation Workers,927,Agriculture,কৃষি কর্মী
1205,X-Ray Technician,928,Nurse,নার্স
1206,H/E Engine,929,Factory & Manufacturing Worker,কারখানা ও উৎপাদন কর্মী
1207,H/EU/Chassis,930,Barber & Beautician,নাপিত ও বিউটিশিয়ান
1208,Lathe,931,Technician & Maintenance Worker,টেকনিশিয়ান ও রক্ষণাবেক্ষণ কর্মী
1209,Tire,932,Automobile Worker,অটোমোবাইল কর্মী
1210,CPE Operator,933,IT,তথ্যপ্রযুক্তি (আইটি) কর্মী
1211,Procurement Engineer,936,Engineer,প্রকৌশলী
1212,Assistant Store Keeper,938,Warehouse and Store Worker,গুদাম ও স্টোর কর্মী
1213,Time keeping Clerk,939,Management and Supervisory Role,ব্যবস্থাপনা ও তত্ত্বাবধায়ক পদ
1214,Safety Inspector,940,Security Worker,নিরাপত্তা কর্মী
1215,Civil Supervisor,941,Construction Worker,নির্মাণ শ্রমিক
1216,Highly skilled MEchanical/Electrical Workers,942,Electrician,ইলেকট্রিশিয়ান
1217,Skilled Mechanical/Electrical Workers,943,Factory & Manufacturing Worker,কারখানা ও উৎপাদন কর্মী
1218,Semi Skilled Mechanical/Electrical Workers,944,Electrician,ইলেকট্রিশিয়ান
1219,Spinning Technician,945,Technician & Maintenance Worker,টেকনিশিয়ান ও রক্ষণাবেক্ষণ কর্মী
1220,Weaving Tech,946,Technician & Maintenance Worker,টেকনিশিয়ান ও রক্ষণাবেক্ষণ কর্মী
1221,Mechanical Engineer Water,947,Engineer,প্রকৌশলী
1222,Senior Technician Water,948,Technician & Maintenance Worker,টেকনিশিয়ান ও রক্ষণাবেক্ষণ কর্মী
1223,Lead I and C Engineer,949,Engineer,প্রকৌশলী
1224,Dcs Engineer,950,Engineer,প্রকৌশলী
1225,I and C Engineer,951,IT,তথ্যপ্রযুক্তি (আইটি) কর্মী
1226,Senior DCS Tech,952,Technician & Maintenance Worker,টেকনিশিয়ান ও রক্ষণাবেক্ষণ কর্মী
1227,Lead Electrical Engineer,953,Engineer,প্রকৌশলী
1228,Senior Tech. Protection,954,Technician & Maintenance Worker,টেকনিশিয়ান ও রক্ষণাবেক্ষণ কর্মী
1229,Commercial and Performance Engineer,956,Engineer,প্রকৌশলী
1230,CCR Operator P and W,957,Technician & Maintenance Worker,টেকনিশিয়ান ও রক্ষণাবেক্ষণ কর্মী
1231,Senior I and C Tech,958,Technician & Maintenance Worker,টেকনিশিয়ান ও রক্ষণাবেক্ষণ কর্মী
1232,Civil Engineering Technician,959,Construction Worker,নির্মাণ শ্রমিক
1233,Core Technician,960,Technician & Maintenance Worker,টেকনিশিয়ান ও রক্ষণাবেক্ষণ কর্মী
1234,Maintenance Mechanic Assistant,961,Technician & Maintenance Worker,টেকনিশিয়ান ও রক্ষণাবেক্ষণ কর্মী
1235,A Casual Worker,962,General worker,সাধারণ শ্রমিক
1236,Professional Armed Carpenter,963,Security Worker,নিরাপত্তা কর্মী
1237,Technical Haddad Armed,964,Welder and fabricator,ওয়েল্ডার ও ফ্যাব্রিকেটর
1238,Construction Technician,965,Construction Worker,নির্মাণ শ্রমিক
1239,Technician to his despair,966,Technician & Maintenance Worker,টেকনিশিয়ান ও রক্ষণাবেক্ষণ কর্মী
1240,Art Tile,967,Media / Entertainment,মিডিয়া / বিনোদন
1241,Technical Coating,968,Technician & Maintenance Worker,টেকনিশিয়ান ও রক্ষণাবেক্ষণ কর্মী
1242,Technical mourning doors and windows,969,Welder and fabricator,ওয়েল্ডার ও ফ্যাব্রিকেটর
1243,Technical Haddad doors and windows,970,Welder and fabricator,ওয়েল্ডার ও ফ্যাব্রিকেটর
1244,Art graphite,971,Creative/Arts,সৃজনশীল / আর্ট
1245,Guest Relation Officer,972,Hotel and Tourism Worker,হোটেল ও পর্যটন কর্মী
1246,Reservation Agent,973,Hotel and Tourism Worker,হোটেল ও পর্যটন কর্মী
1247,Guest Services Agent,974,Hotel and Tourism Worker,হোটেল ও পর্যটন কর্মী
1248,Doorman,975,Security Worker,নিরাপত্তা কর্মী
1249,Bellman,976,Hotel and Tourism Worker,হোটেল ও পর্যটন কর্মী
1250,Butler/Host,977,Hotel and Tourism Worker,হোটেল ও পর্যটন কর্মী
1251,Domestic Helper,978,House Keeper,হাউসকিপার
1252,Housekeeping Attendant,978,House Keeper,হাউসকিপার
1253,Commis Waiter/Waitress,979,Hotel and Tourism Worker,হোটেল ও পর্যটন কর্মী
1254,Kitchen Helper,980,Cook/Chef,রাঁধুনি / শেফ
1255,Kitchen Steward,980,Cook/Chef,রাঁধুনি / শেফ
1256,Massage/Beauty Therapist,981,Barber & Beautician,নাপিত ও বিউটিশিয়ান
1257,Childrens Hostess,983,Caregiver,কেয়ারগিভার
1258,Sports Organizer,984,Management and Supervisory Role,ব্যবস্থাপনা ও তত্ত্বাবধায়ক পদ
1259,Life Guard,985,Security Worker,নিরাপত্তা কর্মী
1260,Skilled Worker,986,General worker,সাধারণ শ্রমিক
1261,Semi Skilled Worker,987,General worker,সাধারণ শ্রমিক
1262,Behind Cashier,988,Warehouse and Store Worker,গুদাম ও স্টোর কর্মী
1263,Recorders,989,Management and Supervisory Role,ব্যবস্থাপনা ও তত্ত্বাবধায়ক পদ
1264,Loaders,990,Loading Unloading Labor,লোডিং–আনলোডিং শ্রমিক
1265,Metal Painter,991,Scaffolding and Metal Worker,স্ক্যাফোল্ডিং ও মেটাল কর্মী
1266,Loader,993,Loading Unloading Labor,লোডিং–আনলোডিং শ্রমিক
1267,AC Technicain,994,Refrigeration & Air-conditioning,রেফ্রিজারেশন ও এয়ার কন্ডিশনিং
1268,Chiller Technician,995,Refrigeration & Air-conditioning,রেফ্রিজারেশন ও এয়ার কন্ডিশনিং
1269,Electro-Mechanical Technician,996,Automobile Worker,অটোমোবাইল কর্মী
1270,BMS Operator,997,Technician & Maintenance Worker,টেকনিশিয়ান ও রক্ষণাবেক্ষণ কর্মী
1271,BMS Technician,998,Technician & Maintenance Worker,টেকনিশিয়ান ও রক্ষণাবেক্ষণ কর্মী
1272,Mep Multi Technician,999,Technician & Maintenance Worker,টেকনিশিয়ান ও রক্ষণাবেক্ষণ কর্মী
1273,Civil Multi Technician,1000,Construction Worker,নির্মাণ শ্রমিক
1274,Work Team Leader,1001,Management and Supervisory Role,ব্যবস্থাপনা ও তত্ত্বাবধায়ক পদ
1275,Electrician Assistant,1002,Electrician,ইলেকট্রিশিয়ান
1276,Mechanic Assistant,1003,Factory & Manufacturing Worker,কারখানা ও উৎপাদন কর্মী
1277,Welder Assistant,1004,Welder and fabricator,ওয়েল্ডার ও ফ্যাব্রিকেটর
1278,Hull Fitter,1005,Shipping Work,শিপিং কাজ
1279,Tiler,1006,Construction Worker,নির্মাণ শ্রমিক
1280,Waterproof Construction,1007,Construction Worker,নির্মাণ শ্রমিক
1281,Waterproofing Technician,1007,Construction Worker,নির্মাণ শ্রমিক
1282,Metal press processing,1008,Scaffolding and Metal Worker,স্ক্যাফোল্ডিং ও মেটাল কর্মী
1283,Mining and Quarrying,1010,Mining Worker,খনি শ্রমিক
1284,Mining Engineer,1010,Engineer,প্রকৌশলী
1285,Shelf Filler,1011,Warehouse and Store Worker,গুদাম ও স্টোর কর্মী
1286,Handler Cargo,1012,Loading Unloading Labor,লোডিং–আনলোডিং শ্রমিক
1287,Cementer,1013,Construction Worker,নির্মাণ শ্রমিক
1288,Collector Scrap,1014,Others,অন্যান্য
1289,Neuro Nurse,1015,Nurse,নার্স
1290,ICU Nurse,1016,Nurse,নার্স
1291,CCU Nurse,1017,Nurse,নার্স
1292,Neonatal Nurse,1018,Nurse,নার্স
1293,Dialysis Nurse,1019,Nurse,নার্স
1294,Rehabilitation Nurse,1020,Nurse,নার্স
1295,Physiotherapy Specialist,1021,Doctor & Healthcare Worker,ডাক্তার ও স্বাস্থ্যকর্মী
1296,Pediatric Nurse,1022,Nurse,নার্স
1297,Kidney Specialist,1023,Doctor & Healthcare Worker,ডাক্তার ও স্বাস্থ্যকর্মী
1298,Internal Medicine Specialist,1024,Doctor & Healthcare Worker,ডাক্তার ও স্বাস্থ্যকর্মী
1299,Obstetrics & Gynecology Specialist,1025,Doctor & Healthcare Worker,ডাক্তার ও স্বাস্থ্যকর্মী
1300,Tumors Specialist,1026,Doctor & Healthcare Worker,ডাক্তার ও স্বাস্থ্যকর্মী
1301,ENT Specialist,1027,Doctor & Healthcare Worker,ডাক্তার ও স্বাস্থ্যকর্মী
1302,General Practitioner (GP),1028,Doctor & Healthcare Worker,ডাক্তার ও স্বাস্থ্যকর্মী
1303,OT Nurses,1029,Nurse,নার্স
1304,Tower Fixing Technician,1030,Technician & Maintenance Worker,টেকনিশিয়ান ও রক্ষণাবেক্ষণ কর্মী
1305,Optical Fiber Technician,1031,Technician & Maintenance Worker,টেকনিশিয়ান ও রক্ষণাবেক্ষণ কর্মী
1306,Communication Network Technician,1032,Technician & Maintenance Worker,টেকনিশিয়ান ও রক্ষণাবেক্ষণ কর্মী
1307,A Builder,1033,Construction Worker,নির্মাণ শ্রমিক
1308,Structural fitter,1034,Construction Worker,নির্মাণ শ্রমিক
1309,Structural Welder,1035,Welder and fabricator,ওয়েল্ডার ও ফ্যাব্রিকেটর
1310,Structural foreman,1036,Construction Worker,নির্মাণ শ্রমিক
1311,Garbage Truck Driver,1037,Driver/Vehicle Operator,ড্রাইভার / যানবাহন অপারেটর
1312,Pickup Truck Driver,1038,Driver/Vehicle Operator,ড্রাইভার / যানবাহন অপারেটর
1313,Vehicle Traffic Controller,1039,Security Worker,নিরাপত্তা কর্মী
1314,CO@ Welding,1040,Welder and fabricator,ওয়েল্ডার ও ফ্যাব্রিকেটর
1315,TIG Welding,1041,Welder and fabricator,ওয়েল্ডার ও ফ্যাব্রিকেটর
1316,Readymade Meal Processing,1042,Cook/Chef,রাঁধুনি / শেফ
1317,Hospitality,1043,Management and Supervisory Role,ব্যবস্থাপনা ও তত্ত্বাবধায়ক পদ
1318,Offset Printing,1044,Management and Supervisory Role,ব্যবস্থাপনা ও তত্ত্বাবধায়ক পদ
1319,Formwork,1045,Construction Worker,নির্মাণ শ্রমিক
1320,Vehicle Clearer,1046,Cleaner,পরিচ্ছন্নতা কর্মী
1321,Electracal Power Labor,1047,Electrician,ইলেকট্রিশিয়ান
1322,Electracal PowerÂ Labor,1047,Electrician,ইলেকট্রিশিয়ান
1323,Telecom Labor,1048,Telecommunication,টেলিযোগাযোগ
1324,Electrical Main. Labor,1049,Electrician,ইলেকট্রিশিয়ান
1325,Plantation Worker,1050,Agriculture,কৃষি কর্মী
1326,Resturant Crew,1051,Cook/Chef,রাঁধুনি / শেফ
1327,Production Harvesting and Post Harvesting,1052,Agriculture,কৃষি কর্মী
1328,Delivery Bike Ryders,1053,Driver/Vehicle Operator,ড্রাইভার / যানবাহন অপারেটর
1329,Delivery Ryders,1054,Driver/Vehicle Operator,ড্রাইভার / যানবাহন অপারেটর
1330,Office and Platform Cleaner (Female),1055,Cleaner,পরিচ্ছন্নতা কর্মী
1331,Fast Food Prepared,1056,Cook/Chef,রাঁধুনি / শেফ
1332,AC Technician Split Windows,1057,Refrigeration & Air-conditioning,রেফ্রিজারেশন ও এয়ার কন্ডিশনিং
1333,AC Technician Central,1058,Refrigeration & Air-conditioning,রেফ্রিজারেশন ও এয়ার কন্ডিশনিং
1334,Xerox Machine Technician,1059,Technician & Maintenance Worker,টেকনিশিয়ান ও রক্ষণাবেক্ষণ কর্মী
1335,Electrical Generator Technician,1060,Electrician,ইলেকট্রিশিয়ান
1336,CCTV Technician,1061,Technician & Maintenance Worker,টেকনিশিয়ান ও রক্ষণাবেক্ষণ কর্মী
1337,Elevators Technician,1062,Electrician,ইলেকট্রিশিয়ান
1338,Planters Technician,1063,Agriculture,কৃষি কর্মী
1339,Cleaner Team Leader,1064,Cleaner,পরিচ্ছন্নতা কর্মী
1340,Aircraft cleaner,1065,Airline Worker,এয়ারলাইন কর্মী
1341,Security Duard Female,1066,Security Worker,নিরাপত্তা কর্মী
1342,Syrup Maker,1067,Cook/Chef,রাঁধুনি / শেফ
1343,Vehicle Polishing Worker,1068,Automobile Worker,অটোমোবাইল কর্মী
1344,ICT Business Analyst,1069,IT,তথ্যপ্রযুক্তি (আইটি) কর্মী
1345,Thread Permeation Dyeing Work,1070,Welder and fabricator,ওয়েল্ডার ও ফ্যাব্রিকেটর
1346,Customer Service,1071,Factory & Manufacturing Worker,কারখানা ও উৎপাদন কর্মী
1347,Welding,1072,Welder and fabricator,ওয়েল্ডার ও ফ্যাব্রিকেটর
1348,Mig Welder 3g,1073,Welder and fabricator,ওয়েল্ডার ও ফ্যাব্রিকেটর
1349,Mig Welder Smaw CS,1074,Welder and fabricator,ওয়েল্ডার ও ফ্যাব্রিকেটর
1350,House Keeper Female,1075,House Keeper,হাউসকিপার
1351,Sample Man,1076,Welder and fabricator,ওয়েল্ডার ও ফ্যাব্রিকেটর
1352,Senior Staff Nurse,1077,Nurse,নার্স
1353,Auditor,1078,Finance & Accounting,ফাইন্যান্স ও হিসাবরক্ষণ
1354,Import Agent,1079,Salesperson,বিক্রয়কর্মী
1355,Partner,1080,Management and Supervisory Role,ব্যবস্থাপনা ও তত্ত্বাবধায়ক পদ
1356,Food Inspector,1081,Hotel and Tourism Worker,হোটেল ও পর্যটন কর্মী
1357,Confectioner,1082,Cook/Chef,রাঁধুনি / শেফ
1358,Waste collector,1083,Cleaner,পরিচ্ছন্নতা কর্মী
1359,Analyst,1084,Management and Supervisory Role,ব্যবস্থাপনা ও তত্ত্বাবধায়ক পদ
1360,Business Support Analyst,1084,Management and Supervisory Role,ব্যবস্থাপনা ও তত্ত্বাবধায়ক পদ
1361,Sailor,1085,Shipping Work,শিপিং কাজ
1362,Process Control Specialist,1086,Management and Supervisory Role,ব্যবস্থাপনা ও তত্ত্বাবধায়ক পদ
1363,Financial Controller,1087,Finance & Accounting,ফাইন্যান্স ও হিসাবরক্ষণ
1364,Shipyard Safety Assistant,1088,Security Worker,নিরাপত্তা কর্মী
1365,Fiberglass Specialist,1089,Technician & Maintenance Worker,টেকনিশিয়ান ও রক্ষণাবেক্ষণ কর্মী
1366,Drilling Worker,1100,Construction Worker,নির্মাণ শ্রমিক
1367,Network Electrical Technician,1103,Telecommunication,টেলিযোগাযোগ
1368,Researcher,1104,Scientist & Researcher,বিজ্ঞানী ও গবেষক
1369,Statistics Specialist,1105,Scientist & Researcher,বিজ্ঞানী ও গবেষক
1370,Financial Analyzer,1106,Finance & Accounting,ফাইন্যান্স ও হিসাবরক্ষণ
1371,Investor,1107,Finance & Accounting,ফাইন্যান্স ও হিসাবরক্ষণ
1372,ICT Lines Installer,1108,IT,তথ্যপ্রযুক্তি (আইটি) কর্মী
1373,Expert,1109,Factory & Manufacturing Worker,কারখানা ও উৎপাদন কর্মী
1374,Stevedore,1111,General worker,সাধারণ শ্রমিক
1375,Collection Agent,1113,Finance & Accounting,ফাইন্যান্স ও হিসাবরক্ষণ
1376,Oiler and Greaser,1114,Factory & Manufacturing Worker,কারখানা ও উৎপাদন কর্মী
1377,Vehicle's Oiler & Greaser,1114,Automobile Worker,অটোমোবাইল কর্মী
1378,Steeple Jack,1115,Cleaner,পরিচ্ছন্নতা কর্মী
1379,Chief Editor,1116,Media / Entertainment,মিডিয়া / বিনোদন
1380,Tinsmith,1117,Construction Worker,নির্মাণ শ্রমিক
1381,Soil Tester,1119,Scientist & Researcher,বিজ্ঞানী ও গবেষক
1382,Fishery Processing,1124,Factory & Manufacturing Worker,কারখানা ও উৎপাদন কর্মী
1383,Preparer,1125,General worker,সাধারণ শ্রমিক
1384,Zookeeper,1126,Agriculture,কৃষি কর্মী
1385,Plantation Worker,1130,Management and Supervisory Role,ব্যবস্থাপনা ও তত্ত্বাবধায়ক পদ
1386,Barbender,1131,Construction Worker,নির্মাণ শ্রমিক
1387,Logistic Controller,1132,Logistics,লজিস্টিকস
1388,Joiner,1144,Carpenter,কাঠমিস্ত্রি
1389,Finisher,1145,Carpenter,কাঠমিস্ত্রি
1390,Construction Labour,1147,Construction Worker,নির্মাণ শ্রমিক
1391,Constraction Bricklayer,1150,Construction Worker,নির্মাণ শ্রমিক
1392,Female Lifegaurd,1153,Security Worker,নিরাপত্তা কর্মী
1393,Data Palm cleaner,1154,Agriculture,কৃষি কর্মী
1394,Cleaner High Level,1157,Cleaner,পরিচ্ছন্নতা কর্মী
1395,Rope Acces Level 2,1158,Construction Worker,নির্মাণ শ্রমিক
1396,Senior Kitchen Technician,1159,Cook/Chef,রাঁধুনি / শেফ
1397,Assistant Technician,1160,Technician & Maintenance Worker,টেকনিশিয়ান ও রক্ষণাবেক্ষণ কর্মী
1398,Joiner Carpenters,1164,Carpenter,কাঠমিস্ত্রি
1399,Heavy operation,1168,Driver/Vehicle Operator,ড্রাইভার / যানবাহন অপারেটর
1400,Palm Cutter,1171,Agriculture,কৃষি কর্মী
1401,Machine Operator-Landscape,1172,Driver/Vehicle Operator,ড্রাইভার / যানবাহন অপারেটর
1402,Pipe Fitter Landscape,1173,Plumber,প্লাম্বার
1403,Multi Technician Facility Background,1174,Technician & Maintenance Worker,টেকনিশিয়ান ও রক্ষণাবেক্ষণ কর্মী
1404,Foremen Interior & Joinery Background,1176,Management and Supervisory Role,ব্যবস্থাপনা ও তত্ত্বাবধায়ক পদ
1405,Veneer Wood,1177,Carpenter,কাঠমিস্ত্রি
1406,Machine Operator Wood Panel,1178,Factory & Manufacturing Worker,কারখানা ও উৎপাদন কর্মী
1407,Machine Operator Weeden Spindle,1179,Factory & Manufacturing Worker,কারখানা ও উৎপাদন কর্মী
1408,Corian Carpenter,1180,Carpenter,কাঠমিস্ত্রি
1409,Supervisor Interior & Joinery Background,1181,Construction Worker,নির্মাণ শ্রমিক
1410,Beam Panel Saw Operator,1182,Factory & Manufacturing Worker,কারখানা ও উৎপাদন কর্মী
1411,Vaneer Stiching Cutting Machine Operator,1183,Welder and fabricator,ওয়েল্ডার ও ফ্যাব্রিকেটর
1412,Edge band machine Operator,1184,Carpenter,কাঠমিস্ত্রি
1413,Joinery polisher,1185,Construction Worker,নির্মাণ শ্রমিক
1414,Sanding worker,1186,Construction Worker,নির্মাণ শ্রমিক
1415,Joinery Touch up worker,1187,Carpenter,কাঠমিস্ত্রি
1416,Solid Machine Operator,1188,Factory & Manufacturing Worker,কারখানা ও উৎপাদন কর্মী
1417,Joinery Helper,1189,Construction Worker,নির্মাণ শ্রমিক
1418,Concrete Pressure Feeding,1190,Construction Worker,নির্মাণ শ্রমিক
1419,Metal Painting Work,1191,Scaffolding and Metal Worker,স্ক্যাফোল্ডিং ও মেটাল কর্মী
1420,Steel bender,1192,Scaffolding and Metal Worker,স্ক্যাফোল্ডিং ও মেটাল কর্মী
1421,Plastic Molding,1193,Factory & Manufacturing Worker,কারখানা ও উৎপাদন কর্মী
1422,Insulation Worker,1196,Refrigeration & Air-conditioning,রেফ্রিজারেশন ও এয়ার কন্ডিশনিং
1423,Riveter,1197,Construction Worker,নির্মাণ শ্রমিক
1424,Cleaner Female,1199,Cleaner,পরিচ্ছন্নতা কর্মী
1425,Frame Worker,1200,Construction Worker,নির্মাণ শ্রমিক
1426,Welder 6G(GTAW/SMAW),1216,Welder and fabricator,ওয়েল্ডার ও ফ্যাব্রিকেটর
1427,Stone Mason,1222,Mason,রাজমিস্ত্রি
1428,Operator/Forklift truck,1223,Driver/Vehicle Operator,ড্রাইভার / যানবাহন অপারেটর
1429,Market Metal,1226,Construction Worker,নির্মাণ শ্রমিক
1430,Automotive Mechanic,1227,Automobile Worker,অটোমোবাইল কর্মী
1431,Meat Processing,1232,Cook/Chef,রাঁধুনি / শেফ
1432,Nursing Care,1235,Nurse,নার্স
1433,Wrap Knitting Producing Work,1237,Textile Worker,টেক্সটাইল কর্মী
1434,Chiseler,1244,Craftsman,কারুশিল্পী
1435,Field Cropping Vegetable Work,1247,Agriculture,কৃষি কর্মী
1436,Car Driver,1258,Driver/Vehicle Operator,ড্রাইভার / যানবাহন অপারেটর
1437,Bus Driver,1259,Driver/Vehicle Operator,ড্রাইভার / যানবাহন অপারেটর
1438,Heavy Duty Driver,1260,Driver/Vehicle Operator,ড্রাইভার / যানবাহন অপারেটর
1439,Loader Unloader,1262,Loading Unloading Labor,লোডিং–আনলোডিং শ্রমিক
1440,Office & Facility Cleaner,1263,Cleaner,পরিচ্ছন্নতা কর্মী
1441,Office and Facility Cleaning Worker,1263,Cleaner,পরিচ্ছন্নতা কর্মী
1442,GeneralÂ Assistant,1267,General worker,সাধারণ শ্রমিক
1443,Aircraft Loader,1268,Airline Worker,এয়ারলাইন কর্মী
1444,Metro Cleaner,1269,Cleaner,পরিচ্ছন্নতা কর্মী
1445,Duct Worker,1270,Refrigeration & Air-conditioning,রেফ্রিজারেশন ও এয়ার কন্ডিশনিং
1446,Caregiver,1271,Caregiver,কেয়ারগিভার
1447,Construction Drilling Operation,1273,Construction Worker,নির্মাণ শ্রমিক
1448,Disabled Persons-Care Assistant,1275,Nurse,নার্স
1449,Unique OccupationÂ Worker,1277,General worker,সাধারণ শ্রমিক
1450,Quality Engineer,2738,Engineer,প্রকৌশলী